start,end,trips,start_lat,start_long,end_lat,end_long,dist_miles,width
95403,95401,2042,38.4822,-122.7473,38.4432,-122.7547,2.7242175,6
95403,95492,2039,38.4822,-122.7473,38.5443,-122.8073,5.3788653,5.988483685
95403,95404,1957,38.4822,-122.7473,38.4405,-122.7144,3.3866661,5.673704415
94952,94954,1854,38.2403,-122.6777,38.2507,-122.6155,3.4508341,5.27831094
95403,95407,1700,38.4822,-122.7473,38.4089,-122.7339,5.1161879,4.687140115
95401,95403,1600,38.4432,-122.7547,38.4822,-122.7473,2.7242175,4.303262956
95407,95403,1347,38.4089,-122.7339,38.4822,-122.7473,5.1161879,3.332053743
95404,95403,1324,38.4405,-122.7144,38.4822,-122.7473,3.3866661,3.243761996
95403,94928,1289,38.4822,-122.7473,38.347,-122.6941,9.7753257,3.10940499
95407,95401,1274,38.4089,-122.7339,38.4432,-122.7547,2.6237414,3.051823417
95401,95404,1266,38.4432,-122.7547,38.4405,-122.7144,2.1888641,3.021113244
95403,95409,1244,38.4822,-122.7473,38.4592,-122.6393,6.0545328,2.936660269
95403,95405,1229,38.4822,-122.7473,38.4386,-122.6727,5.0363445,2.879078695
95401,95407,1220,38.4432,-122.7547,38.4089,-122.7339,2.6237414,2.84452975
95448,95492,1155,38.6184,-122.862,38.5443,-122.8073,5.9111147,2.595009597
94952,94928,1152,38.2403,-122.6777,38.347,-122.6941,7.4257049,2.583493282
94954,94928,1117,38.2507,-122.6155,38.347,-122.6941,7.9016463,2.449136276
95407,95404,1103,38.4089,-122.7339,38.4405,-122.7144,2.4251074,2.395393474
94954,94952,1091,38.2507,-122.6155,38.2403,-122.6777,3.4508341,2.349328215
95404,95401,1038,38.4405,-122.7144,38.4432,-122.7547,2.1888641,2.145873321
95404,95407,1029,38.4405,-122.7144,38.4089,-122.7339,2.4251074,2.111324376
95407,94928,968,38.4089,-122.7339,38.347,-122.6941,4.7894591,2
95404,95409,941,38.4405,-122.7144,38.4592,-122.6393,4.2641649,2
95401,94928,873,38.4432,-122.7547,38.347,-122.6941,7.4127244,2
95403,95472,859,38.4822,-122.7473,38.3941,-122.8433,8.0028659,2
95401,95405,854,38.4432,-122.7547,38.4386,-122.6727,4.4489886,2
95401,95492,854,38.4432,-122.7547,38.5443,-122.8073,7.542281,2
94954,95407,846,38.2507,-122.6155,38.4089,-122.7339,12.67515,2
95404,95405,838,38.4405,-122.7144,38.4386,-122.6727,2.2605502,2
95404,94928,813,38.4405,-122.7144,38.347,-122.6941,6.553089,2
95405,95404,794,38.4386,-122.6727,38.4405,-122.7144,2.2605502,2
95404,95492,777,38.4405,-122.7144,38.5443,-122.8073,8.7564621,2
94928,95407,774,38.347,-122.6941,38.4089,-122.7339,4.7894591,2
95401,95409,766,38.4432,-122.7547,38.4592,-122.6393,6.3413531,2
95403,95448,712,38.4822,-122.7473,38.6184,-122.862,11.268135,2
95492,95403,688,38.5443,-122.8073,38.4822,-122.7473,5.3788653,2
95448,95441,684,38.6184,-122.862,38.7173,-122.8834,6.9301641,2
95405,95403,683,38.4386,-122.6727,38.4822,-122.7473,5.0363445,2
95407,95492,660,38.4089,-122.7339,38.5443,-122.8073,10.162838,2
94928,95403,656,38.347,-122.6941,38.4822,-122.7473,9.7753257,2
95401,95472,638,38.4432,-122.7547,38.3941,-122.8433,5.8747911,2
95405,95409,637,38.4386,-122.6727,38.4592,-122.6393,2.3004886,2
95407,95405,634,38.4089,-122.7339,38.4386,-122.6727,3.8968484,2
95448,95403,614,38.6184,-122.862,38.4822,-122.7473,11.268135,2
94928,95404,604,38.347,-122.6941,38.4405,-122.7144,6.553089,2
94954,95403,595,38.2507,-122.6155,38.4822,-122.7473,17.516363,2
95441,95448,580,38.7173,-122.8834,38.6184,-122.862,6.9301641,2
94928,95401,579,38.347,-122.6941,38.4432,-122.7547,7.4127244,2
95403,94954,578,38.4822,-122.7473,38.2507,-122.6155,17.516363,2
95472,95401,578,38.3941,-122.8433,38.4432,-122.7547,5.8747911,2
95405,95401,561,38.4386,-122.6727,38.4432,-122.7547,4.4489886,2
95407,95409,560,38.4089,-122.7339,38.4592,-122.6393,6.1881025,2
95472,95407,550,38.3941,-122.8433,38.4089,-122.7339,6.0112807,2
95405,95407,539,38.4386,-122.6727,38.4089,-122.7339,3.8968484,2
94952,95407,535,38.2403,-122.6777,38.4089,-122.7339,12.040855,2
94954,95401,528,38.2507,-122.6155,38.4432,-122.7547,15.290453,2
94954,95404,525,38.2507,-122.6155,38.4405,-122.7144,14.166733,2
95403,94952,505,38.4822,-122.7473,38.2403,-122.6777,17.133744,2
94928,94954,501,38.347,-122.6941,38.2507,-122.6155,7.9016463,2
95472,95403,497,38.3941,-122.8433,38.4822,-122.7473,8.0028659,1.5
94931,94928,493,38.3259,-122.7048,38.347,-122.6941,1.5689671,1.5
94928,94952,469,38.347,-122.6941,38.2403,-122.6777,7.4257049,1.5
95404,95472,463,38.4405,-122.7144,38.3941,-122.8433,7.6792267,1.5
94951,94928,441,38.3153,-122.6483,38.347,-122.6941,3.3104732,1.5
95448,95401,435,38.6184,-122.862,38.4432,-122.7547,13.422719,1.5
95492,95401,430,38.5443,-122.8073,38.4432,-122.7547,7.542281,1.5
95405,94928,423,38.4386,-122.6727,38.347,-122.6941,6.4341741,1.5
95407,95472,417,38.4089,-122.7339,38.3941,-122.8433,6.0112807,1.5
94952,95403,413,38.2403,-122.6777,38.4822,-122.7473,17.133744,1.5
95448,95404,413,38.6184,-122.862,38.4405,-122.7144,14.653765,1.5
94928,94931,411,38.347,-122.6941,38.3259,-122.7048,1.5689671,1.5
95492,95448,406,38.5443,-122.8073,38.6184,-122.862,5.9111147,1.5
95441,95492,404,38.7173,-122.8834,38.5443,-122.8073,12.639184,1.5
95472,95404,402,38.3941,-122.8433,38.4405,-122.7144,7.6792267,1.5
94954,95442,400,38.2507,-122.6155,38.3662,-122.5196,9.5246094,1.5
94928,95472,398,38.347,-122.6941,38.3941,-122.8433,8.7127425,1.5
95492,95407,392,38.5443,-122.8073,38.4089,-122.7339,10.162838,1.5
95472,94928,387,38.3941,-122.8433,38.347,-122.6941,8.7127425,1.5
94952,95401,385,38.2403,-122.6777,38.4432,-122.7547,14.626864,1.5
94952,95404,383,38.2403,-122.6777,38.4405,-122.7144,13.974734,1.5
95402,95404,379,38.4399,-122.7096,38.4405,-122.7144,0.26305291,1.5
94952,94931,375,38.2403,-122.6777,38.3259,-122.7048,6.0942797,1.5
95492,95404,371,38.5443,-122.8073,38.4405,-122.7144,8.7564621,1.5
94952,95472,365,38.2403,-122.6777,38.3941,-122.8433,13.910896,1.5
94928,95405,361,38.347,-122.6941,38.4386,-122.6727,6.4341741,1.5
95407,94954,360,38.4089,-122.7339,38.2507,-122.6155,12.67515,1.5
95448,95407,355,38.6184,-122.862,38.4089,-122.7339,16.046453,1.5
95405,95492,353,38.4386,-122.6727,38.5443,-122.8073,10.311222,1.5
95409,95403,349,38.4592,-122.6393,38.4822,-122.7473,6.0545328,1.5
94928,95409,345,38.347,-122.6941,38.4592,-122.6393,8.3007149,1.5
95409,95407,344,38.4592,-122.6393,38.4089,-122.7339,6.1881025,1.5
95409,95404,337,38.4592,-122.6393,38.4405,-122.7144,4.2641649,1.5
95401,94954,336,38.4432,-122.7547,38.2507,-122.6155,15.290453,1.5
95404,94954,329,38.4405,-122.7144,38.2507,-122.6155,14.166733,1.5
95409,95401,327,38.4592,-122.6393,38.4432,-122.7547,6.3413531,1.5
95403,95441,324,38.4822,-122.7473,38.7173,-122.8834,17.828962,1.5
95407,94952,316,38.4089,-122.7339,38.2403,-122.6777,12.040855,1.5
94954,95492,302,38.2507,-122.6155,38.5443,-122.8073,22.789927,1.5
94928,95492,300,38.347,-122.6941,38.5443,-122.8073,14.945178,1.5
95409,95405,298,38.4592,-122.6393,38.4386,-122.6727,2.3004886,1.5
94954,94931,297,38.2507,-122.6155,38.3259,-122.7048,7.1028146,1.5
94954,95405,297,38.2507,-122.6155,38.4386,-122.6727,13.347529,1.5
95401,94952,296,38.4432,-122.7547,38.2403,-122.6777,14.626864,1.5
95402,95403,293,38.4399,-122.7096,38.4822,-122.7473,3.5639945,1.5
95403,95436,293,38.4822,-122.7473,38.4923,-122.9042,8.5142006,1.5
95401,95448,290,38.4432,-122.7547,38.6184,-122.862,13.422719,1.5
94954,95472,284,38.2507,-122.6155,38.3941,-122.8433,15.831753,1.5
95404,94952,279,38.4405,-122.7144,38.2403,-122.6777,13.974734,1.5
94954,95409,278,38.2507,-122.6155,38.4592,-122.6393,14.463558,1.5
95403,94931,278,38.4822,-122.7473,38.3259,-122.7048,11.041735,1.5
95404,95448,269,38.4405,-122.7144,38.6184,-122.862,14.653765,1.5
95473,95472,269,38.4022,-122.8227,38.3941,-122.8433,1.2479999,1.5
95492,94928,269,38.5443,-122.8073,38.347,-122.6941,14.945178,1.5
94951,95407,265,38.3153,-122.6483,38.4089,-122.7339,7.9580272,1.5
95492,95409,262,38.5443,-122.8073,38.4592,-122.6393,10.82092,1.5
95402,95401,257,38.4399,-122.7096,38.4432,-122.7547,2.451297,1.5
94953,94952,255,38.2324,-122.6367,38.2403,-122.6777,2.2910561,1.5
94955,94954,255,38.2324,-122.6367,38.2507,-122.6155,1.709462,1.5
95402,95407,253,38.4399,-122.7096,38.4089,-122.7339,2.5135346,1.5
95472,94952,253,38.3941,-122.8433,38.2403,-122.6777,13.910896,1.5
95402,95405,242,38.4399,-122.7096,38.4386,-122.6727,1.9989943,1.5
95448,95409,242,38.6184,-122.862,38.4592,-122.6393,16.304815,1.5
95472,95492,238,38.3941,-122.8433,38.5443,-122.8073,10.558962,1.5
94931,95407,236,38.3259,-122.7048,38.4089,-122.7339,5.94747,1.5
94952,95409,232,38.2403,-122.6777,38.4592,-122.6393,15.266983,1.5
94955,95407,228,38.2324,-122.6367,38.4089,-122.7339,13.284546,1.5
95472,95405,225,38.3941,-122.8433,38.4386,-122.6727,9.7339078,1.5
94951,95403,223,38.3153,-122.6483,38.4822,-122.7473,12.716802,1.5
95448,95405,215,38.6184,-122.862,38.4386,-122.6727,16.094201,1.5
95405,95472,214,38.4386,-122.6727,38.3941,-122.8433,9.7339078,1.5
95407,94931,213,38.4089,-122.7339,38.3259,-122.7048,5.94747,1.5
95472,94954,212,38.3941,-122.8433,38.2507,-122.6155,15.831753,1.5
94952,95405,209,38.2403,-122.6777,38.4386,-122.6727,13.703885,1.5
95402,95409,204,38.4399,-122.7096,38.4592,-122.6393,4.0309534,1.5
95407,95448,204,38.4089,-122.7339,38.6184,-122.862,16.046453,1.5
95401,94931,202,38.4432,-122.7547,38.3259,-122.7048,8.5433679,1.5
95441,95403,199,38.7173,-122.8834,38.4822,-122.7473,17.828962,1.5
95472,95436,199,38.3941,-122.8433,38.4923,-122.9042,7.5430088,1.5
95404,94931,196,38.4405,-122.7144,38.3259,-122.7048,7.9351475,1.5
94931,95403,195,38.3259,-122.7048,38.4822,-122.7473,11.041735,1.5
95402,94928,194,38.4399,-122.7096,38.347,-122.6941,6.4734185,1.5
95405,94954,193,38.4386,-122.6727,38.2507,-122.6155,13.347529,1.5
94953,94954,191,38.2324,-122.6367,38.2507,-122.6155,1.709462,1.5
95402,95492,183,38.4399,-122.7096,38.5443,-122.8073,8.9413525,1.5
95492,95405,182,38.5443,-122.8073,38.4386,-122.6727,10.311222,1.5
94952,95492,181,38.2403,-122.6777,38.5443,-122.8073,22.145883,1.5
95409,94928,179,38.4592,-122.6393,38.347,-122.6941,8.3007149,1.5
95409,95492,175,38.4592,-122.6393,38.5443,-122.8073,10.82092,1.5
95448,95472,175,38.6184,-122.862,38.3941,-122.8433,15.530579,1.5
95472,95409,173,38.3941,-122.8433,38.4592,-122.6393,11.923087,1.5
95492,95472,170,38.5443,-122.8073,38.3941,-122.8433,10.558962,1.5
94951,95404,167,38.3153,-122.6483,38.4405,-122.7144,9.3621171,1.5
94931,94954,166,38.3259,-122.7048,38.2507,-122.6155,7.1028146,1.5
94951,94954,164,38.3153,-122.6483,38.2507,-122.6155,4.8048692,1.5
94955,94952,162,38.2324,-122.6367,38.2403,-122.6777,2.2910561,1.5
94975,94954,162,38.2324,-122.6367,38.2507,-122.6155,1.709462,1.5
94955,94928,160,38.2324,-122.6367,38.347,-122.6941,8.5079924,1.5
94928,94951,156,38.347,-122.6941,38.3153,-122.6483,3.3104732,1.5
94951,94952,153,38.3153,-122.6483,38.2403,-122.6777,5.4218066,1.5
95401,95436,152,38.4432,-122.7547,38.4923,-122.9042,8.770238,1.5
95492,95441,151,38.5443,-122.8073,38.7173,-122.8834,12.639184,1.5
94931,95404,150,38.3259,-122.7048,38.4405,-122.7144,7.9351475,1.5
95472,95473,149,38.3941,-122.8433,38.4022,-122.8227,1.2479999,1.5
94951,95401,148,38.3153,-122.6483,38.4432,-122.7547,10.550134,1.5
95441,95407,148,38.7173,-122.8834,38.4089,-122.7339,22.787755,1.5
95403,95446,147,38.4822,-122.7473,38.5055,-122.9965,13.571955,1.5
94931,95401,144,38.3259,-122.7048,38.4432,-122.7547,8.5433679,1.5
95407,95436,142,38.4089,-122.7339,38.4923,-122.9042,10.868311,1.5
95442,95409,140,38.3662,-122.5196,38.4592,-122.6393,9.1260386,1.5
95401,95441,138,38.4432,-122.7547,38.7173,-122.8834,20.173949,1.5
95448,94928,136,38.6184,-122.862,38.347,-122.6941,20.835056,1.5
94955,95403,135,38.2324,-122.6367,38.4822,-122.7473,18.270148,1.5
95472,94931,135,38.3941,-122.8433,38.3259,-122.7048,8.8605383,1.5
95472,95444,133,38.3941,-122.8433,38.4335,-122.8676,3.0234831,1.5
94952,94951,129,38.2403,-122.6777,38.3153,-122.6483,5.4218066,1.5
95404,95441,128,38.4405,-122.7144,38.7173,-122.8834,21.191804,1.5
95441,95401,127,38.7173,-122.8834,38.4432,-122.7547,20.173949,1.5
95448,94954,125,38.6184,-122.862,38.2507,-122.6155,28.69544,1.5
95446,95403,124,38.5055,-122.9965,38.4822,-122.7473,13.571955,1.5
95405,94952,122,38.4386,-122.6727,38.2403,-122.6777,13.703885,1.5
94955,95401,121,38.2324,-122.6367,38.4432,-122.7547,15.906943,1.5
95403,95442,120,38.4822,-122.7473,38.3662,-122.5196,14.702105,1.5
94931,94952,119,38.3259,-122.7048,38.2403,-122.6777,6.0942797,1.5
95402,95472,119,38.4399,-122.7096,38.3941,-122.8433,7.8994195,1.5
94928,95448,116,38.347,-122.6941,38.6184,-122.862,20.835056,1.5
94951,95492,116,38.3153,-122.6483,38.5443,-122.8073,18.011386,1.5
95405,95448,116,38.4386,-122.6727,38.6184,-122.862,16.094201,1.5
95416,95442,116,38.3141,-122.4843,38.3662,-122.5196,4.076503,1.5
95406,95401,115,38.4399,-122.7096,38.4432,-122.7547,2.451297,1.5
95406,95403,115,38.4399,-122.7096,38.4822,-122.7473,3.5639945,1.5
94923,95472,114,38.3309,-123.0373,38.3941,-122.8433,11.381185,1.5
95439,95403,114,38.4947,-122.7761,38.4822,-122.7473,1.7809796,1.5
94975,94952,112,38.2324,-122.6367,38.2403,-122.6777,2.2910561,1.5
95446,95472,112,38.5055,-122.9965,38.3941,-122.8433,11.312104,1.5
94931,95472,110,38.3259,-122.7048,38.3941,-122.8433,8.8605383,1.5
95403,94951,110,38.4822,-122.7473,38.3153,-122.6483,12.716802,1.5
95442,95404,110,38.3662,-122.5196,38.4405,-122.7144,11.730502,1.5
95401,95446,109,38.4432,-122.7547,38.5055,-122.9965,13.76961,1.5
95436,95403,109,38.4923,-122.9042,38.4822,-122.7473,8.5142006,1.5
95448,94952,109,38.6184,-122.862,38.2403,-122.6777,27.963924,1.5
95407,95441,107,38.4089,-122.7339,38.7173,-122.8834,22.787755,1.5
95441,95404,106,38.7173,-122.8834,38.4405,-122.7144,21.191804,1.5
95404,95436,105,38.4405,-122.7144,38.4923,-122.9042,10.873729,1.5
94955,95404,104,38.2324,-122.6367,38.4405,-122.7144,14.982274,1.5
95446,95401,104,38.5055,-122.9965,38.4432,-122.7547,13.76961,1.5
94954,94951,103,38.2507,-122.6155,38.3153,-122.6483,4.8048692,1.5
95492,94952,102,38.5443,-122.8073,38.2403,-122.6777,22.145883,1.5
95404,95442,101,38.4405,-122.7144,38.3662,-122.5196,11.730502,1.5
95442,94954,101,38.3662,-122.5196,38.2507,-122.6155,9.5246094,1.5
94954,95448,100,38.2507,-122.6155,38.6184,-122.862,28.69544,1.5
95407,95442,99,38.4089,-122.7339,38.3662,-122.5196,11.975028,1
95436,95472,99,38.4923,-122.9042,38.3941,-122.8433,7.5430088,1
95448,95436,99,38.6184,-122.862,38.4923,-122.9042,9.0060843,1
95473,95407,98,38.4022,-122.8227,38.4089,-122.7339,4.8302063,1
95492,94954,97,38.5443,-122.8073,38.2507,-122.6155,22.789927,1
95472,95448,96,38.3941,-122.8433,38.6184,-122.862,15.530579,1
95405,94931,95,38.4386,-122.6727,38.3259,-122.7048,7.9785447,1
95409,95472,95,38.4592,-122.6393,38.3941,-122.8433,11.923087,1
95473,95401,95,38.4022,-122.8227,38.4432,-122.7547,4.6447794,1
95401,95442,93,38.4432,-122.7547,38.3662,-122.5196,13.79641,1
94951,95405,92,38.3153,-122.6483,38.4386,-122.6727,8.6211133,1
94953,94928,92,38.2324,-122.6367,38.347,-122.6941,8.5079924,1
94954,94955,92,38.2507,-122.6155,38.2324,-122.6367,1.709462,1
94931,95409,91,38.3259,-122.7048,38.4592,-122.6393,9.8695637,1
95403,95406,91,38.4822,-122.7473,38.4399,-122.7096,3.5639945,1
94931,95492,88,38.3259,-122.7048,38.5443,-122.8073,16.077372,1
94951,95409,88,38.3153,-122.6483,38.4592,-122.6393,9.9544696,1
94951,94931,87,38.3153,-122.6483,38.3259,-122.7048,3.1490695,1
94952,94953,87,38.2403,-122.6777,38.2324,-122.6367,2.2910561,1
95436,95401,87,38.4923,-122.9042,38.4432,-122.7547,8.770238,1
95444,95472,87,38.4335,-122.8676,38.3941,-122.8433,3.0234831,1
95472,95446,87,38.3941,-122.8433,38.5055,-122.9965,11.312104,1
95401,95406,86,38.4432,-122.7547,38.4399,-122.7096,2.451297,1
95446,95407,86,38.5055,-122.9965,38.4089,-122.7339,15.697608,1
95441,95409,85,38.7173,-122.8834,38.4592,-122.6393,22.176718,1
95473,95403,84,38.4022,-122.8227,38.4822,-122.7473,6.8703945,1
95409,94952,83,38.4592,-122.6393,38.2403,-122.6777,15.266983,1
94952,95442,82,38.2403,-122.6777,38.3662,-122.5196,12.21283,1
94955,95492,82,38.2324,-122.6367,38.5443,-122.8073,23.447227,1
95407,94951,82,38.4089,-122.7339,38.3153,-122.6483,7.9580272,1
95416,94954,82,38.3141,-122.4843,38.2507,-122.6155,8.3560107,1
94927,94928,81,38.3396,-122.7011,38.347,-122.6941,0.63664088,1
95402,94954,79,38.4399,-122.7096,38.2507,-122.6155,14.031774,1
95403,95439,79,38.4822,-122.7473,38.4947,-122.7761,1.7809796,1
95473,95404,78,38.4022,-122.8227,38.4405,-122.7144,6.432076,1
94931,95405,77,38.3259,-122.7048,38.4386,-122.6727,7.9785447,1
95402,94952,77,38.4399,-122.7096,38.2403,-122.6777,13.898957,1
95406,94928,77,38.4399,-122.7096,38.347,-122.6941,6.4734185,1
95406,95407,77,38.4399,-122.7096,38.4089,-122.7339,2.5135346,1
95442,95403,77,38.3662,-122.5196,38.4822,-122.7473,14.702105,1
95446,95436,77,38.5055,-122.9965,38.4923,-122.9042,5.0736595,1
95492,95436,76,38.5443,-122.8073,38.4923,-122.9042,6.3520715,1
95404,95446,75,38.4405,-122.7144,38.5055,-122.9965,15.906858,1
95442,95405,75,38.3662,-122.5196,38.4386,-122.6727,9.6821488,1
94952,95448,74,38.2403,-122.6777,38.6184,-122.862,27.963924,1
94975,94928,74,38.2324,-122.6367,38.347,-122.6941,8.5079924,1
95406,95404,74,38.4399,-122.7096,38.4405,-122.7144,0.26305291,1
94951,95472,72,38.3153,-122.6483,38.3941,-122.8433,11.8858,1
95401,95473,70,38.4432,-122.7547,38.4022,-122.8227,4.6447794,1
95407,95406,70,38.4089,-122.7339,38.4399,-122.7096,2.5135346,1
95403,95473,69,38.4822,-122.7473,38.4022,-122.8227,6.8703945,1
95439,95401,69,38.4947,-122.7761,38.4432,-122.7547,3.7418874,1
95446,95492,69,38.5055,-122.9965,38.5443,-122.8073,10.572596,1
94954,95416,67,38.2507,-122.6155,38.3141,-122.4843,8.3560107,1
95403,95444,67,38.4822,-122.7473,38.4335,-122.8676,7.3271051,1
95442,95401,66,38.3662,-122.5196,38.4432,-122.7547,13.79641,1
95492,94931,66,38.5443,-122.8073,38.3259,-122.7048,16.077372,1
94952,94975,65,38.2403,-122.6777,38.2324,-122.6367,2.2910561,1
94928,94927,64,38.347,-122.6941,38.3396,-122.7011,0.63664088,1
94952,94955,64,38.2403,-122.6777,38.2324,-122.6367,2.2910561,1
95436,95407,64,38.4923,-122.9042,38.4089,-122.7339,10.868311,1
95441,95472,63,38.7173,-122.8834,38.3941,-122.8433,22.435824,1
94954,94975,62,38.2507,-122.6155,38.2324,-122.6367,1.709462,1
95401,95444,61,38.4432,-122.7547,38.4335,-122.8676,6.1467098,1
95409,94954,61,38.4592,-122.6393,38.2507,-122.6155,14.463558,1
94928,95436,60,38.347,-122.6941,38.4923,-122.9042,15.170388,1
95407,95446,60,38.4089,-122.7339,38.5055,-122.9965,15.697608,1
95442,95407,60,38.3662,-122.5196,38.4089,-122.7339,11.975028,1
95448,95446,60,38.6184,-122.862,38.5055,-122.9965,10.660804,1
95401,95402,59,38.4432,-122.7547,38.4399,-122.7096,2.451297,1
95404,94951,59,38.4405,-122.7144,38.3153,-122.6483,9.3621171,1
95405,95436,58,38.4386,-122.6727,38.4923,-122.9042,13.061945,1
95439,95404,58,38.4947,-122.7761,38.4405,-122.7144,5.0164626,1
95402,95448,57,38.4399,-122.7096,38.6184,-122.862,14.831089,1
95403,95402,57,38.4822,-122.7473,38.4399,-122.7096,3.5639945,1
95404,95406,56,38.4405,-122.7144,38.4399,-122.7096,0.26305291,1
95406,95405,56,38.4399,-122.7096,38.4386,-122.6727,1.9989943,1
95409,95448,56,38.4592,-122.6393,38.6184,-122.862,16.304815,1
95439,95407,56,38.4947,-122.7761,38.4089,-122.7339,6.3527619,1
95473,94928,56,38.4022,-122.8227,38.347,-122.6941,7.9416403,1
94928,95441,55,38.347,-122.6941,38.7173,-122.8834,27.55516,1
94953,95407,55,38.2324,-122.6367,38.4089,-122.7339,13.284546,1
95441,95405,55,38.7173,-122.8834,38.4386,-122.6727,22.368017,1
95401,94951,54,38.4432,-122.7547,38.3153,-122.6483,10.550134,1
95439,95492,54,38.4947,-122.7761,38.5443,-122.8073,3.8195832,1
94955,95405,53,38.2324,-122.6367,38.4386,-122.6727,14.380017,1
95433,95442,53,38.2993,-122.4867,38.3662,-122.5196,4.9543507,1
95442,94928,53,38.3662,-122.5196,38.347,-122.6941,9.5471077,1
94975,95407,52,38.2324,-122.6367,38.4089,-122.7339,13.284546,1
95401,95439,52,38.4432,-122.7547,38.4947,-122.7761,3.7418874,1
95436,95404,52,38.4923,-122.9042,38.4405,-122.7144,10.873729,1
95465,95472,52,38.4087,-122.9954,38.3941,-122.8433,8.2972977,1
95404,95402,51,38.4405,-122.7144,38.4399,-122.7096,0.26305291,1
95406,95492,51,38.4399,-122.7096,38.5443,-122.8073,8.9413525,1
95446,95404,51,38.5055,-122.9965,38.4405,-122.7144,15.906858,1
95446,95462,51,38.5055,-122.9965,38.4706,-123.0172,2.6585552,1
94975,95401,50,38.2324,-122.6367,38.4432,-122.7547,15.906943,1
95403,94923,50,38.4822,-122.7473,38.3309,-123.0373,18.863155,1
95405,95442,50,38.4386,-122.6727,38.3662,-122.5196,9.6821488,1
95436,95492,50,38.4923,-122.9042,38.5443,-122.8073,6.3520715,1
95442,94952,50,38.3662,-122.5196,38.2403,-122.6777,12.21283,1
94928,95442,49,38.347,-122.6941,38.3662,-122.5196,9.5471077,1
94975,95404,49,38.2324,-122.6367,38.4405,-122.7144,14.982274,1
95492,95446,49,38.5443,-122.8073,38.5055,-122.9965,10.572596,1
94952,94927,48,38.2403,-122.6777,38.3396,-122.7011,6.9773349,1
95448,95442,48,38.6184,-122.862,38.3662,-122.5196,25.42644,1
94954,94953,47,38.2507,-122.6155,38.2324,-122.6367,1.709462,1
94955,94931,47,38.2324,-122.6367,38.3259,-122.7048,7.4416021,1
95403,94927,47,38.4822,-122.7473,38.3396,-122.7011,10.165242,1
95416,94928,47,38.3141,-122.4843,38.347,-122.6941,11.596136,1
94931,94951,46,38.3259,-122.7048,38.3153,-122.6483,3.1490695,1
94923,95407,45,38.3309,-123.0373,38.4089,-122.7339,17.296366,1
94928,95446,45,38.347,-122.6941,38.5055,-122.9965,19.694027,1
94952,95436,45,38.2403,-122.6777,38.4923,-122.9042,21.300677,1
95442,95492,45,38.3662,-122.5196,38.5443,-122.8073,19.842878,1
95436,95446,44,38.4923,-122.9042,38.5055,-122.9965,5.0736595,1
95441,94928,44,38.7173,-122.8834,38.347,-122.6941,27.55516,1
95472,94923,44,38.3941,-122.8433,38.3309,-123.0373,11.381185,1
94954,95436,43,38.2507,-122.6155,38.4923,-122.9042,22.87404,1
95405,95446,43,38.4386,-122.6727,38.5055,-122.9965,18.115267,1
95409,94931,43,38.4592,-122.6393,38.3259,-122.7048,9.8695637,1
95444,95407,43,38.4335,-122.8676,38.4089,-122.7339,7.434367,1
94953,95401,42,38.2324,-122.6367,38.4432,-122.7547,15.906943,1
94954,94927,42,38.2507,-122.6155,38.3396,-122.7011,7.6990368,1
95402,94931,42,38.4399,-122.7096,38.3259,-122.7048,7.880928,1
95406,95409,42,38.4399,-122.7096,38.4592,-122.6393,4.0309534,1
95407,95402,42,38.4089,-122.7339,38.4399,-122.7096,2.5135346,1
94955,95472,41,38.2324,-122.6367,38.3941,-122.8433,15.819945,1
95405,95441,41,38.4386,-122.6727,38.7173,-122.8834,22.368017,1
95436,95448,41,38.4923,-122.9042,38.6184,-122.862,9.0060843,1
95473,94952,41,38.4022,-122.8227,38.2403,-122.6777,13.671533,1
95404,95473,40,38.4405,-122.7144,38.4022,-122.8227,6.432076,1
95409,95441,40,38.4592,-122.6393,38.7173,-122.8834,22.176718,1
95446,95405,40,38.5055,-122.9965,38.4386,-122.6727,18.115267,1
95405,95402,39,38.4386,-122.6727,38.4399,-122.7096,1.9989943,1
95472,95441,39,38.3941,-122.8433,38.7173,-122.8834,22.435824,1
95409,95442,38,38.4592,-122.6393,38.3662,-122.5196,9.1260386,1
95441,94954,38,38.7173,-122.8834,38.2507,-122.6155,35.345269,1
95444,95403,38,38.4335,-122.8676,38.4822,-122.7473,7.3271051,1
94923,95465,37,38.3309,-123.0373,38.4087,-122.9954,5.8350091,1
94975,95403,37,38.2324,-122.6367,38.4822,-122.7473,18.270148,1
95407,95444,37,38.4089,-122.7339,38.4335,-122.8676,7.434367,1
95441,94952,37,38.7173,-122.8834,38.2403,-122.6777,34.784847,1
95442,95416,37,38.3662,-122.5196,38.3141,-122.4843,4.076503,1
95473,95436,37,38.4022,-122.8227,38.4923,-122.9042,7.6291609,1
94923,94952,36,38.3309,-123.0373,38.2403,-122.6777,20.482391,1
94953,95403,36,38.2324,-122.6367,38.4822,-122.7473,18.270148,1
94954,95441,36,38.2507,-122.6155,38.7173,-122.8834,35.345269,1
95407,94927,36,38.4089,-122.7339,38.3396,-122.7011,5.1071675,1
95407,95473,36,38.4089,-122.7339,38.4022,-122.8227,4.8302063,1
95446,95421,36,38.5055,-122.9965,38.5918,-123.1965,12.34309,1
95452,95442,36,38.4168,-122.5547,38.3662,-122.5196,3.9794444,1
95472,94951,36,38.3941,-122.8433,38.3153,-122.6483,11.8858,1
94923,95403,35,38.3309,-123.0373,38.4822,-122.7473,18.863155,1
94928,95473,35,38.347,-122.6941,38.4022,-122.8227,7.9416403,1
95405,95406,35,38.4386,-122.6727,38.4399,-122.7096,1.9989943,1
95405,95473,35,38.4386,-122.6727,38.4022,-122.8227,8.5004736,1
95439,94928,35,38.4947,-122.7761,38.347,-122.6941,11.128663,1
95473,94954,35,38.4022,-122.8227,38.2507,-122.6155,15.352642,1
95473,95492,35,38.4022,-122.8227,38.5443,-122.8073,9.8534378,1
94928,95406,34,38.347,-122.6941,38.4399,-122.7096,6.4734185,1
94953,95404,34,38.2324,-122.6367,38.4405,-122.7144,14.982274,1
94954,95473,34,38.2507,-122.6155,38.4022,-122.8227,15.352642,1
95405,94951,34,38.4386,-122.6727,38.3153,-122.6483,8.6211133,1
95472,95442,34,38.3941,-122.8433,38.3662,-122.5196,17.638163,1
95487,95442,34,38.2725,-122.4375,38.3662,-122.5196,7.8562225,1
95401,94923,33,38.4432,-122.7547,38.3309,-123.0373,17.159439,1
94952,95441,32,38.2403,-122.6777,38.7173,-122.8834,34.784847,1
94955,95409,31,38.2324,-122.6367,38.4592,-122.6393,15.670999,1
94975,94931,31,38.2324,-122.6367,38.3259,-122.7048,7.4416021,1
95404,94927,31,38.4405,-122.7144,38.3396,-122.7011,7.0086251,1
95404,95439,31,38.4405,-122.7144,38.4947,-122.7761,5.0164626,1
95436,95405,31,38.4923,-122.9042,38.4386,-122.6727,13.061945,1
95436,95409,31,38.4923,-122.9042,38.4592,-122.6393,14.510116,1
95465,94923,31,38.4087,-122.9954,38.3309,-123.0373,5.8350091,1
94923,95401,30,38.3309,-123.0373,38.4432,-122.7547,17.159439,1
95404,95444,30,38.4405,-122.7144,38.4335,-122.8676,8.3053174,1
95473,95405,30,38.4022,-122.8227,38.4386,-122.6727,8.5004736,1
94953,94931,29,38.2324,-122.6367,38.3259,-122.7048,7.4416021,1
94953,95472,29,38.2324,-122.6367,38.3941,-122.8433,15.819945,1
95403,94955,29,38.4822,-122.7473,38.2324,-122.6367,18.270148,1
95405,95439,29,38.4386,-122.6727,38.4947,-122.7761,6.8054608,1
95406,95472,29,38.4399,-122.7096,38.3941,-122.8433,7.8994195,1
95407,95439,29,38.4089,-122.7339,38.4947,-122.7761,6.3527619,1
95416,95401,29,38.3141,-122.4843,38.4432,-122.7547,17.148428,1
95421,95446,29,38.5918,-123.1965,38.5055,-122.9965,12.34309,1
95433,95416,29,38.2993,-122.4867,38.3141,-122.4843,1.030827,1
95439,95472,29,38.4947,-122.7761,38.3941,-122.8433,7.8445933,1
95444,95401,29,38.4335,-122.8676,38.4432,-122.7547,6.1467098,1
95446,95448,29,38.5055,-122.9965,38.6184,-122.862,10.660804,1
94923,95446,28,38.3309,-123.0373,38.5055,-122.9965,12.264216,1
95404,94923,28,38.4405,-122.7144,38.3309,-123.0373,19.056987,1
95448,94931,28,38.6184,-122.862,38.3259,-122.7048,21.92592,1
95462,95446,28,38.4706,-123.0172,38.5055,-122.9965,2.6585552,1
95473,95409,28,38.4022,-122.8227,38.4592,-122.6393,10.679239,1
95492,95442,28,38.5443,-122.8073,38.3662,-122.5196,19.842878,1
94923,95404,27,38.3309,-123.0373,38.4405,-122.7144,19.056987,1
95416,95409,27,38.3141,-122.4843,38.4592,-122.6393,13.075809,1
95444,95492,27,38.4335,-122.8676,38.5443,-122.8073,8.3211831,1
94927,95407,26,38.3396,-122.7011,38.4089,-122.7339,5.1071675,1
94954,95446,26,38.2507,-122.6155,38.5055,-122.9965,27.125693,1
95403,95462,26,38.4822,-122.7473,38.4706,-123.0172,14.621062,1
95442,95472,26,38.3662,-122.5196,38.3941,-122.8433,17.638163,1
95492,95406,26,38.5443,-122.8073,38.4399,-122.7096,8.9413525,1
94923,94928,25,38.3309,-123.0373,38.347,-122.6941,18.632498,1
94952,95444,25,38.2403,-122.6777,38.4335,-122.8676,16.855547,1
94954,95433,25,38.2507,-122.6155,38.2993,-122.4867,7.7513969,1
95403,94975,25,38.4822,-122.7473,38.2324,-122.6367,18.270148,1
95406,94954,25,38.4399,-122.7096,38.2507,-122.6155,14.031774,1
95409,95436,25,38.4592,-122.6393,38.4923,-122.9042,14.510116,1
95416,94952,25,38.3141,-122.4843,38.2403,-122.6777,11.663636,1
95416,95404,25,38.3141,-122.4843,38.4405,-122.7144,15.218652,1
95446,95409,25,38.5055,-122.9965,38.4592,-122.6393,19.582656,1
94952,95446,24,38.2403,-122.6777,38.5055,-122.9965,25.178636,1
94954,95406,24,38.2507,-122.6155,38.4399,-122.7096,14.031774,1
95416,95487,24,38.3141,-122.4843,38.2725,-122.4375,3.83435,1
95439,95405,24,38.4947,-122.7761,38.4386,-122.6727,6.8054608,1
95439,95409,24,38.4947,-122.7761,38.4592,-122.6393,7.7954896,1
95441,95442,24,38.7173,-122.8834,38.3662,-122.5196,31.225122,1
95442,95452,24,38.3662,-122.5196,38.4168,-122.5547,3.9794444,1
95446,94928,24,38.5055,-122.9965,38.347,-122.6941,19.694027,1
95448,95406,24,38.6184,-122.862,38.4399,-122.7096,14.831089,1
95472,95465,24,38.3941,-122.8433,38.4087,-122.9954,8.2972977,1
94927,95404,23,38.3396,-122.7011,38.4405,-122.7144,7.0086251,1
94954,95402,23,38.2507,-122.6155,38.4399,-122.7096,14.031774,1
94954,95487,23,38.2507,-122.6155,38.2725,-122.4375,9.7735278,1
95406,94952,23,38.4399,-122.7096,38.2403,-122.6777,13.898957,1
95441,95436,23,38.7173,-122.8834,38.4923,-122.9042,15.586512,1
95442,94931,23,38.3662,-122.5196,38.3259,-122.7048,10.414806,1
95450,95421,23,38.4987,-123.1974,38.5918,-123.1965,6.4327723,1
95487,94954,23,38.2725,-122.4375,38.2507,-122.6155,9.7735278,1
94928,95402,22,38.347,-122.6941,38.4399,-122.7096,6.4734185,1
94953,95409,22,38.2324,-122.6367,38.4592,-122.6393,15.670999,1
95402,95436,22,38.4399,-122.7096,38.4923,-122.9042,11.132714,1
95403,95421,22,38.4822,-122.7473,38.5918,-123.1965,25.430711,1
95433,94954,22,38.2993,-122.4867,38.2507,-122.6155,7.7513969,1
95446,94952,22,38.5055,-122.9965,38.2403,-122.6777,25.178636,1
94923,95405,21,38.3309,-123.0373,38.4386,-122.6727,21.102083,1
94927,95401,21,38.3396,-122.7011,38.4432,-122.7547,7.7242133,1
94927,95403,21,38.3396,-122.7011,38.4822,-122.7473,10.165242,1
94928,94955,21,38.347,-122.6941,38.2324,-122.6367,8.5079924,1
94931,95448,21,38.3259,-122.7048,38.6184,-122.862,21.92592,1
94952,94923,21,38.2403,-122.6777,38.3309,-123.0373,20.482391,1
95401,94927,21,38.4432,-122.7547,38.3396,-122.7011,7.7242133,1
95402,95441,21,38.4399,-122.7096,38.7173,-122.8834,21.342006,1
95405,94927,21,38.4386,-122.6727,38.3396,-122.7011,7.0110213,1
95416,95403,21,38.3141,-122.4843,38.4822,-122.7473,18.37695,1
95444,95404,21,38.4335,-122.8676,38.4405,-122.7144,8.3053174,1
95452,95409,21,38.4168,-122.5547,38.4592,-122.6393,5.4355367,1
95473,95446,21,38.4022,-122.8227,38.5055,-122.9965,11.805718,1
94923,94954,20,38.3309,-123.0373,38.2507,-122.6155,23.53568,1
94923,95421,20,38.3309,-123.0373,38.5918,-123.1965,19.97841,1
94928,94975,20,38.347,-122.6941,38.2324,-122.6367,8.5079924,1
94931,95436,20,38.3259,-122.7048,38.4923,-122.9042,15.771236,1
94975,95472,20,38.2324,-122.6367,38.3941,-122.8433,15.819945,1
95401,95416,20,38.4432,-122.7547,38.3141,-122.4843,17.148428,1
95403,94953,20,38.4822,-122.7473,38.2324,-122.6367,18.270148,1
95403,95452,20,38.4822,-122.7473,38.4168,-122.5547,11.359209,1
95416,95433,20,38.3141,-122.4843,38.2993,-122.4867,1.030827,1
95421,95450,20,38.5918,-123.1965,38.4987,-123.1974,6.4327723,1
95442,95448,20,38.3662,-122.5196,38.6184,-122.862,25.42644,1
95465,94952,20,38.4087,-122.9954,38.2403,-122.6777,20.783034,1
95472,94927,20,38.3941,-122.8433,38.3396,-122.7011,8.5744723,1
95472,95421,20,38.3941,-122.8433,38.5918,-123.1965,23.482218,1
94952,95473,19,38.2403,-122.6777,38.4022,-122.8227,13.671533,1
94975,95409,19,38.2324,-122.6367,38.4592,-122.6393,15.670999,1
95402,95442,19,38.4399,-122.7096,38.3662,-122.5196,11.478964,1
95407,94975,19,38.4089,-122.7339,38.2324,-122.6367,13.284546,1
95436,94928,19,38.4923,-122.9042,38.347,-122.6941,15.170388,1
95441,95446,19,38.7173,-122.8834,38.5055,-122.9965,15.856808,1
95446,94923,19,38.5055,-122.9965,38.3309,-123.0373,12.264216,1
95465,95401,19,38.4087,-122.9954,38.4432,-122.7547,13.245002,1
94927,94954,18,38.3396,-122.7011,38.2507,-122.6155,7.6990368,1
94951,95448,18,38.3153,-122.6483,38.6184,-122.862,23.921212,1
94952,95416,18,38.2403,-122.6777,38.3141,-122.4843,11.663636,1
94975,95405,18,38.2324,-122.6367,38.4386,-122.6727,14.380017,1
95401,94955,18,38.4432,-122.7547,38.2324,-122.6367,15.906943,1
95401,94975,18,38.4432,-122.7547,38.2324,-122.6367,15.906943,1
95404,95416,18,38.4405,-122.7144,38.3141,-122.4843,15.218652,1
95404,95421,18,38.4405,-122.7144,38.5918,-123.1965,28.081069,1
95406,95448,18,38.4399,-122.7096,38.6184,-122.862,14.831089,1
95409,95446,18,38.4592,-122.6393,38.5055,-122.9965,19.582656,1
95416,95492,18,38.3141,-122.4843,38.5443,-122.8073,23.635196,1
95436,94954,18,38.4923,-122.9042,38.2507,-122.6155,22.87404,1
95436,95441,18,38.4923,-122.9042,38.7173,-122.8834,15.586512,1
95472,95462,18,38.3941,-122.8433,38.4706,-123.0172,10.794717,1
95473,94931,18,38.4022,-122.8227,38.3259,-122.7048,8.2818273,1
95473,95448,18,38.4022,-122.8227,38.6184,-122.862,15.088332,1
95492,94951,18,38.5443,-122.8073,38.3153,-122.6483,18.011386,1
95492,95439,18,38.5443,-122.8073,38.4947,-122.7761,3.8195832,1
94927,94931,17,38.3396,-122.7011,38.3259,-122.7048,0.96758707,1
94927,95492,17,38.3396,-122.7011,38.5443,-122.8073,15.266493,1
94952,95406,17,38.2403,-122.6777,38.4399,-122.7096,13.898957,1
94953,95492,17,38.2324,-122.6367,38.5443,-122.8073,23.447227,1
95403,95416,17,38.4822,-122.7473,38.3141,-122.4843,18.37695,1
95407,94953,17,38.4089,-122.7339,38.2324,-122.6367,13.284546,1
95416,95407,17,38.3141,-122.4843,38.4089,-122.7339,15.025371,1
95421,95472,17,38.5918,-123.1965,38.3941,-122.8433,23.482218,1
95436,94931,17,38.4923,-122.9042,38.3259,-122.7048,15.771236,1
95446,95473,17,38.5055,-122.9965,38.4022,-122.8227,11.805718,1
95465,95403,17,38.4087,-122.9954,38.4822,-122.7473,14.354025,1
94923,95436,16,38.3309,-123.0373,38.4923,-122.9042,13.277238,1
94953,95405,16,38.2324,-122.6367,38.4386,-122.6727,14.380017,1
94955,95448,16,38.2324,-122.6367,38.6184,-122.862,29.325972,1
94975,95492,16,38.2324,-122.6367,38.5443,-122.8073,23.447227,1
95401,95421,16,38.4432,-122.7547,38.5918,-123.1965,25.996987,1
95402,94951,16,38.4399,-122.7096,38.3153,-122.6483,9.22712,1
95402,95446,16,38.4399,-122.7096,38.5055,-122.9965,16.167743,1
95407,94923,16,38.4089,-122.7339,38.3309,-123.0373,17.296366,1
95433,94952,16,38.2993,-122.4867,38.2403,-122.6777,11.133974,1
95436,94952,16,38.4923,-122.9042,38.2403,-122.6777,21.300677,1
95448,94923,16,38.6184,-122.862,38.3309,-123.0373,22.01149,1
95448,95473,16,38.6184,-122.862,38.4022,-122.8227,15.088332,1
95465,95404,16,38.4087,-122.9954,38.4405,-122.7144,15.368271,1
95465,95407,16,38.4087,-122.9954,38.4089,-122.7339,14.157976,1
95472,95406,16,38.3941,-122.8433,38.4399,-122.7096,7.8994195,1
95472,95439,16,38.3941,-122.8433,38.4947,-122.7761,7.8445933,1
94928,95439,15,38.347,-122.6941,38.4947,-122.7761,11.128663,1
94928,95444,15,38.347,-122.6941,38.4335,-122.8676,11.135667,1
94931,94927,15,38.3259,-122.7048,38.3396,-122.7011,0.96758707,1
94951,94927,15,38.3153,-122.6483,38.3396,-122.7011,3.3180255,1
95439,95448,15,38.4947,-122.7761,38.6184,-122.862,9.7257112,1
95442,95433,15,38.3662,-122.5196,38.2993,-122.4867,4.9543507,1
95446,95441,15,38.5055,-122.9965,38.7173,-122.8834,15.856808,1
95448,95402,15,38.6184,-122.862,38.4399,-122.7096,14.831089,1
95448,95444,15,38.6184,-122.862,38.4335,-122.8676,12.778941,1
94928,94923,14,38.347,-122.6941,38.3309,-123.0373,18.632498,1
94952,95465,14,38.2403,-122.6777,38.4087,-122.9954,20.783034,1
94954,95452,14,38.2507,-122.6155,38.4168,-122.5547,11.940108,1
94954,95465,14,38.2507,-122.6155,38.4087,-122.9954,23.305694,1
94955,94951,14,38.2324,-122.6367,38.3153,-122.6483,5.7622928,1
95406,94931,14,38.4399,-122.7096,38.3259,-122.7048,7.880928,1
95421,94923,14,38.5918,-123.1965,38.3309,-123.0373,19.97841,1
94923,95492,13,38.3309,-123.0373,38.5443,-122.8073,19.29616,1
94951,95442,13,38.3153,-122.6483,38.3662,-122.5196,7.8110576,1
94954,95439,13,38.2507,-122.6155,38.4947,-122.7761,18.970984,1
94954,95444,13,38.2507,-122.6155,38.4335,-122.8676,18.60546,1
95402,95439,13,38.4399,-122.7096,38.4947,-122.7761,5.222842,1
95403,95465,13,38.4822,-122.7473,38.4087,-122.9954,14.354025,1
95409,94951,13,38.4592,-122.6393,38.3153,-122.6483,9.9544696,1
95416,95472,13,38.3141,-122.4843,38.3941,-122.8433,20.221564,1
95436,95473,13,38.4923,-122.9042,38.4022,-122.8227,7.6291609,1
95439,94952,13,38.4947,-122.7761,38.2403,-122.6777,18.367842,1
95444,95436,13,38.4335,-122.8676,38.4923,-122.9042,4.519534,1
95446,94954,13,38.5055,-122.9965,38.2507,-122.6155,27.125693,1
95452,95404,13,38.4168,-122.5547,38.4405,-122.7144,8.797741,1
95452,95407,13,38.4168,-122.5547,38.4089,-122.7339,9.7169355,1
95462,95421,13,38.4706,-123.0172,38.5918,-123.1965,12.807919,1
95492,95421,13,38.5443,-122.8073,38.5918,-123.1965,21.279901,1
95492,95473,13,38.5443,-122.8073,38.4022,-122.8227,9.8534378,1
94923,95409,12,38.3309,-123.0373,38.4592,-122.6393,23.304205,1
94927,94952,12,38.3396,-122.7011,38.2403,-122.6777,6.9773349,1
94928,95416,12,38.347,-122.6941,38.3141,-122.4843,11.596136,1
94931,95442,12,38.3259,-122.7048,38.3662,-122.5196,10.414806,1
94931,95446,12,38.3259,-122.7048,38.5055,-122.9965,20.083802,1
94951,95441,12,38.3153,-122.6483,38.7173,-122.8834,30.545268,1
94951,95446,12,38.3153,-122.6483,38.5055,-122.9965,22.980044,1
94952,95402,12,38.2403,-122.6777,38.4399,-122.7096,13.898957,1
94954,94923,12,38.2507,-122.6155,38.3309,-123.0373,23.53568,1
94955,95442,12,38.2324,-122.6367,38.3662,-122.5196,11.215212,1
95401,95465,12,38.4432,-122.7547,38.4087,-122.9954,13.245002,1
95403,95450,12,38.4822,-122.7473,38.4987,-123.1974,24.368141,1
95404,95465,12,38.4405,-122.7144,38.4087,-122.9954,15.368271,1
95405,95444,12,38.4386,-122.6727,38.4335,-122.8676,10.55406,1
95406,95442,12,38.4399,-122.7096,38.3662,-122.5196,11.478964,1
95407,95452,12,38.4089,-122.7339,38.4168,-122.5547,9.7169355,1
95416,94931,12,38.3141,-122.4843,38.3259,-122.7048,11.980603,1
95433,94928,12,38.2993,-122.4867,38.347,-122.6941,11.715351,1
95439,95441,12,38.4947,-122.7761,38.7173,-122.8834,16.435148,1
95441,95402,12,38.7173,-122.8834,38.4399,-122.7096,21.342006,1
95444,95405,12,38.4335,-122.8676,38.4386,-122.6727,10.55406,1
95448,95421,12,38.6184,-122.862,38.5918,-123.1965,18.154256,1
95448,95439,12,38.6184,-122.862,38.4947,-122.7761,9.7257112,1
94923,95444,11,38.3309,-123.0373,38.4335,-122.8676,11.607376,1
94927,95405,11,38.3396,-122.7011,38.4386,-122.6727,7.0110213,1
94927,95472,11,38.3396,-122.7011,38.3941,-122.8433,8.5744723,1
94931,95441,11,38.3259,-122.7048,38.7173,-122.8834,28.714801,1
94952,95439,11,38.2403,-122.6777,38.4947,-122.7761,18.367842,1
95404,94955,11,38.4405,-122.7144,38.2324,-122.6367,14.982274,1
95405,94923,11,38.4386,-122.6727,38.3309,-123.0373,21.102083,1
95407,94955,11,38.4089,-122.7339,38.2324,-122.6367,13.284546,1
95409,95406,11,38.4592,-122.6393,38.4399,-122.7096,4.0309534,1
95409,95473,11,38.4592,-122.6393,38.4022,-122.8227,10.679239,1
95416,95405,11,38.3141,-122.4843,38.4386,-122.6727,13.346707,1
95433,95403,11,38.2993,-122.4867,38.4822,-122.7473,18.943804,1
95439,94954,11,38.4947,-122.7761,38.2507,-122.6155,18.970984,1
95444,95409,11,38.4335,-122.8676,38.4592,-122.6393,12.481013,1
95450,95446,11,38.4987,-123.1974,38.5055,-122.9965,10.873102,1
95452,94928,11,38.4168,-122.5547,38.347,-122.6941,8.9589527,1
95452,95492,11,38.4168,-122.5547,38.5443,-122.8073,16.256378,1
95472,94975,11,38.3941,-122.8433,38.2324,-122.6367,15.819945,1
95472,95402,11,38.3941,-122.8433,38.4399,-122.7096,7.8994195,1
95473,95444,11,38.4022,-122.8227,38.4335,-122.8676,3.2534536,1
95487,95404,11,38.2725,-122.4375,38.4405,-122.7144,18.968802,1
95487,95407,11,38.2725,-122.4375,38.4089,-122.7339,18.623243,1
95487,95416,11,38.2725,-122.4375,38.3141,-122.4843,3.83435,1
95492,94927,11,38.5443,-122.8073,38.3396,-122.7011,15.266493,1
95492,95402,11,38.5443,-122.8073,38.4399,-122.7096,8.9413525,1
94931,94975,10,38.3259,-122.7048,38.2324,-122.6367,7.4416021,1
94952,95421,10,38.2403,-122.6777,38.5918,-123.1965,37.129825,1
94955,95441,10,38.2324,-122.6367,38.7173,-122.8834,36.063087,1
95401,95462,10,38.4432,-122.7547,38.4706,-123.0172,14.328266,1
95404,95452,10,38.4405,-122.7144,38.4168,-122.5547,8.797741,1
95405,95421,10,38.4386,-122.6727,38.5918,-123.1965,30.231097,1
95407,95416,10,38.4089,-122.7339,38.3141,-122.4843,15.025371,1
95407,95465,10,38.4089,-122.7339,38.4087,-122.9954,14.157976,1
95421,95403,10,38.5918,-123.1965,38.4822,-122.7473,25.430711,1
95441,94931,10,38.7173,-122.8834,38.3259,-122.7048,28.714801,1
95446,95402,10,38.5055,-122.9965,38.4399,-122.7096,16.167743,1
95448,94951,10,38.6184,-122.862,38.3153,-122.6483,23.921212,1
95448,95465,10,38.6184,-122.862,38.4087,-122.9954,16.184556,1
95450,94923,10,38.4987,-123.1974,38.3309,-123.0373,14.47549,1
95452,94954,10,38.4168,-122.5547,38.2507,-122.6155,11.940108,1
95465,94954,10,38.4087,-122.9954,38.2507,-122.6155,23.305694,1
95465,95409,10,38.4087,-122.9954,38.4592,-122.6393,19.586324,1
95465,95446,10,38.4087,-122.9954,38.5055,-122.9965,6.6884986,1
95487,94928,10,38.2725,-122.4375,38.347,-122.6941,14.83346,1
95487,95403,10,38.2725,-122.4375,38.4822,-122.7473,22.169905,1
94923,95448,9,38.3309,-123.0373,38.6184,-122.862,22.01149,1
94928,94953,9,38.347,-122.6941,38.2324,-122.6367,8.5079924,1
94928,95421,9,38.347,-122.6941,38.5918,-123.1965,32.011143,1
94931,95406,9,38.3259,-122.7048,38.4399,-122.7096,7.880928,1
94955,95436,9,38.2324,-122.6367,38.4923,-122.9042,23.075683,1
94955,95446,9,38.2324,-122.6367,38.5055,-122.9965,27.128268,1
95401,94953,9,38.4432,-122.7547,38.2324,-122.6367,15.906943,1
95402,95444,9,38.4399,-122.7096,38.4335,-122.8676,8.5624615,1
95404,94975,9,38.4405,-122.7144,38.2324,-122.6367,14.982274,1
95404,95462,9,38.4405,-122.7144,38.4706,-123.0172,16.514867,1
95405,94955,9,38.4386,-122.6727,38.2324,-122.6367,14.380017,1
95421,95404,9,38.5918,-123.1965,38.4405,-122.7144,28.081069,1
95421,95412,9,38.5918,-123.1965,38.7026,-123.3539,11.43458,1
95421,95448,9,38.5918,-123.1965,38.6184,-122.862,18.154256,1
95421,95465,9,38.5918,-123.1965,38.4087,-122.9954,16.682085,1
95436,95442,9,38.4923,-122.9042,38.3662,-122.5196,22.566617,1
95436,95444,9,38.4923,-122.9042,38.4335,-122.8676,4.519534,1
95442,94951,9,38.3662,-122.5196,38.3153,-122.6483,7.8110576,1
95442,95441,9,38.3662,-122.5196,38.7173,-122.8834,31.225122,1
95452,95403,9,38.4168,-122.5547,38.4822,-122.7473,11.359209,1
95465,94931,9,38.4087,-122.9954,38.3259,-122.7048,16.749795,1
95465,95405,9,38.4087,-122.9954,38.4386,-122.6727,17.589568,1
95465,95421,9,38.4087,-122.9954,38.5918,-123.1965,16.682085,1
95465,95436,9,38.4087,-122.9954,38.4923,-122.9042,7.5971827,1
95473,94923,9,38.4022,-122.8227,38.3309,-123.0373,12.626237,1
95473,94951,9,38.4022,-122.8227,38.3153,-122.6483,11.195097,1
94923,94931,8,38.3309,-123.0373,38.3259,-122.7048,18.025325,1
94923,95473,8,38.3309,-123.0373,38.4022,-122.8227,12.626237,1
94927,95409,8,38.3396,-122.7011,38.4592,-122.6393,8.9154165,1
94928,95465,8,38.347,-122.6941,38.4087,-122.9954,16.867388,1
94951,94955,8,38.3153,-122.6483,38.2324,-122.6367,5.7622928,1
94951,95436,8,38.3153,-122.6483,38.4923,-122.9042,18.480858,1
94951,95439,8,38.3153,-122.6483,38.4947,-122.7761,14.195976,1
94952,95433,8,38.2403,-122.6777,38.2993,-122.4867,11.133974,1
94953,94951,8,38.2324,-122.6367,38.3153,-122.6483,5.7622928,1
94953,95442,8,38.2324,-122.6367,38.3662,-122.5196,11.215212,1
94975,94951,8,38.2324,-122.6367,38.3153,-122.6483,5.7622928,1
94975,95442,8,38.2324,-122.6367,38.3662,-122.5196,11.215212,1
95401,95433,8,38.4432,-122.7547,38.2993,-122.4867,17.595715,1
95404,94953,8,38.4405,-122.7144,38.2324,-122.6367,14.982274,1
95406,95446,8,38.4399,-122.7096,38.5055,-122.9965,16.167743,1
95407,95421,8,38.4089,-122.7339,38.5918,-123.1965,28.024949,1
95407,95462,8,38.4089,-122.7339,38.4706,-123.0172,15.913328,1
95409,94927,8,38.4592,-122.6393,38.3396,-122.7011,8.9154165,1
95409,95402,8,38.4592,-122.6393,38.4399,-122.7096,4.0309534,1
95416,95448,8,38.3141,-122.4843,38.6184,-122.862,29.31819,1
95433,95401,8,38.2993,-122.4867,38.4432,-122.7547,17.595715,1
95433,95404,8,38.2993,-122.4867,38.4405,-122.7144,15.72647,1
95444,94928,8,38.4335,-122.8676,38.347,-122.6941,11.135667,1
95444,95473,8,38.4335,-122.8676,38.4022,-122.8227,3.2534536,1
95446,95439,8,38.5055,-122.9965,38.4947,-122.7761,11.941008,1
95452,95401,8,38.4168,-122.5547,38.4432,-122.7547,10.977704,1
95452,95405,8,38.4168,-122.5547,38.4386,-122.6727,6.5622156,1
95465,94928,8,38.4087,-122.9954,38.347,-122.6941,16.867388,1
95472,94955,8,38.3941,-122.8433,38.2324,-122.6367,15.819945,1
95492,94923,8,38.5443,-122.8073,38.3309,-123.0373,19.29616,1
94923,95412,7,38.3309,-123.0373,38.7026,-123.3539,30.862641,1
94923,95462,7,38.3309,-123.0373,38.4706,-123.0172,9.7135035,1
94928,95433,7,38.347,-122.6941,38.2993,-122.4867,11.715351,1
94951,95406,7,38.3153,-122.6483,38.4399,-122.7096,9.22712,1
94955,95402,7,38.2324,-122.6367,38.4399,-122.7096,14.871282,1
95401,95452,7,38.4432,-122.7547,38.4168,-122.5547,10.977704,1
95402,95473,7,38.4399,-122.7096,38.4022,-122.8227,6.6534414,1
95404,95433,7,38.4405,-122.7144,38.2993,-122.4867,15.72647,1
95404,95450,7,38.4405,-122.7144,38.4987,-123.1974,26.435874,1
95405,94975,7,38.4386,-122.6727,38.2324,-122.6367,14.380017,1
95421,95436,7,38.5918,-123.1965,38.4923,-122.9042,17.227466,1
95439,94931,7,38.4947,-122.7761,38.3259,-122.7048,12.285178,1
95442,95436,7,38.3662,-122.5196,38.4923,-122.9042,22.566617,1
95446,95444,7,38.5055,-122.9965,38.4335,-122.8676,8.5656276,1
95448,95416,7,38.6184,-122.862,38.3141,-122.4843,29.31819,1
95450,94928,7,38.4987,-123.1974,38.347,-122.6941,29.190699,1
95450,95412,7,38.4987,-123.1974,38.7026,-123.3539,16.428255,1
95452,95448,7,38.4168,-122.5547,38.6184,-122.862,21.679471,1
95462,95472,7,38.4706,-123.0172,38.3941,-122.8433,10.794717,1
95492,95465,7,38.5443,-122.8073,38.4087,-122.9954,13.831067,1
94931,95473,6,38.3259,-122.7048,38.4022,-122.8227,8.2818273,1
94951,94975,6,38.3153,-122.6483,38.2324,-122.6367,5.7622928,1
95403,95412,6,38.4822,-122.7473,38.7026,-123.3539,36.124961,1
95403,95433,6,38.4822,-122.7473,38.2993,-122.4867,18.943804,1
95409,95452,6,38.4592,-122.6393,38.4168,-122.5547,5.4355367,1
95412,95472,6,38.7026,-123.3539,38.3941,-122.8433,34.865525,1
95433,95487,6,38.2993,-122.4867,38.2725,-122.4375,3.2478481,1
95436,94951,6,38.4923,-122.9042,38.3153,-122.6483,18.480858,1
95439,95436,6,38.4947,-122.7761,38.4923,-122.9042,6.9293601,1
95446,94931,6,38.5055,-122.9965,38.3259,-122.7048,20.083802,1
95448,94927,6,38.6184,-122.862,38.3396,-122.7011,21.137911,1
95462,95401,6,38.4706,-123.0172,38.4432,-122.7547,14.328266,1
95462,95407,6,38.4706,-123.0172,38.4089,-122.7339,15.913328,1
95487,94952,6,38.2725,-122.4375,38.2403,-122.6777,13.22068,1
95487,95472,6,38.2725,-122.4375,38.3941,-122.8433,23.543633,1
95492,95444,6,38.5443,-122.8073,38.4335,-122.8676,8.3211831,1
95492,95462,6,38.5443,-122.8073,38.4706,-123.0172,12.438821,1
94922,95472,5,38.3514,-122.9741,38.3941,-122.8433,7.6749324,1
94927,95442,5,38.3396,-122.7011,38.3662,-122.5196,10.004521,1
94951,94923,5,38.3153,-122.6483,38.3309,-123.0373,21.113469,1
94952,95412,5,38.2403,-122.6777,38.7026,-123.3539,48.561837,1
94953,95436,5,38.2324,-122.6367,38.4923,-122.9042,23.075683,1
94953,95448,5,38.2324,-122.6367,38.6184,-122.862,29.325972,1
94954,95421,5,38.2507,-122.6155,38.5918,-123.1965,39.301078,1
94955,94927,5,38.2324,-122.6367,38.3396,-122.7011,8.1889653,1
94975,94927,5,38.2324,-122.6367,38.3396,-122.7011,8.1889653,1
95401,95487,5,38.4432,-122.7547,38.2725,-122.4375,20.843536,1
95402,94927,5,38.4399,-122.7096,38.3396,-122.7011,6.9453318,1
95402,95452,5,38.4399,-122.7096,38.4168,-122.5547,8.5347954,1
95403,95487,5,38.4822,-122.7473,38.2725,-122.4375,22.169905,1
95404,95487,5,38.4405,-122.7144,38.2725,-122.4375,18.968802,1
95405,95465,5,38.4386,-122.6727,38.4087,-122.9954,17.589568,1
95406,94927,5,38.4399,-122.7096,38.3396,-122.7011,6.9453318,1
95406,95436,5,38.4399,-122.7096,38.4923,-122.9042,11.132714,1
95406,95441,5,38.4399,-122.7096,38.7173,-122.8834,21.342006,1
95407,95433,5,38.4089,-122.7339,38.2993,-122.4867,15.38637,1
95407,95487,5,38.4089,-122.7339,38.2725,-122.4375,18.623243,1
95412,95421,5,38.7026,-123.3539,38.5918,-123.1965,11.43458,1
95419,95472,5,38.425,-122.9485,38.3941,-122.8433,6.0826134,1
95421,95441,5,38.5918,-123.1965,38.7173,-122.8834,18.989263,1
95421,95462,5,38.5918,-123.1965,38.4706,-123.0172,12.807919,1
95433,95407,5,38.2993,-122.4867,38.4089,-122.7339,15.38637,1
95433,95448,5,38.2993,-122.4867,38.6184,-122.862,29.973272,1
95433,95492,5,38.2993,-122.4867,38.5443,-122.8073,24.243213,1
95436,95406,5,38.4923,-122.9042,38.4399,-122.7096,11.132714,1
95439,95444,5,38.4947,-122.7761,38.4335,-122.8676,6.5103171,1
95439,95446,5,38.4947,-122.7761,38.5055,-122.9965,11.941008,1
95441,94951,5,38.7173,-122.8834,38.3153,-122.6483,30.545268,1
95441,95406,5,38.7173,-122.8834,38.4399,-122.7096,21.342006,1
95441,95444,5,38.7173,-122.8834,38.4335,-122.8676,19.62725,1
95442,95487,5,38.3662,-122.5196,38.2725,-122.4375,7.8562225,1
95444,94923,5,38.4335,-122.8676,38.3309,-123.0373,11.607376,1
95446,95406,5,38.5055,-122.9965,38.4399,-122.7096,16.167743,1
95446,95412,5,38.5055,-122.9965,38.7026,-123.3539,23.619044,1
95446,95442,5,38.5055,-122.9965,38.3662,-122.5196,27.546456,1
95462,95403,5,38.4706,-123.0172,38.4822,-122.7473,14.621062,1
95462,95436,5,38.4706,-123.0172,38.4923,-122.9042,6.293039,1
95465,95448,5,38.4087,-122.9954,38.6184,-122.862,16.184556,1
95472,95412,5,38.3941,-122.8433,38.7026,-123.3539,34.865525,1
95473,95402,5,38.4022,-122.8227,38.4399,-122.7096,6.6534414,1
95473,95441,5,38.4022,-122.8227,38.7173,-122.8834,22.016922,1
95473,95442,5,38.4022,-122.8227,38.3662,-122.5196,16.603208,1
95487,94931,5,38.2725,-122.4375,38.3259,-122.7048,14.956151,1
95487,95409,5,38.2725,-122.4375,38.4592,-122.6393,16.909052,1
95487,95433,5,38.2725,-122.4375,38.2993,-122.4867,3.2478481,1
94923,95441,4,38.3309,-123.0373,38.7173,-122.8834,27.963742,1
94923,95450,4,38.3309,-123.0373,38.4987,-123.1974,14.47549,1
94927,94951,4,38.3396,-122.7011,38.3153,-122.6483,3.3180255,1
94928,95412,4,38.347,-122.6941,38.7026,-123.3539,43.308718,1
94928,95450,4,38.347,-122.6941,38.4987,-123.1974,29.190699,1
94931,94955,4,38.3259,-122.7048,38.2324,-122.6367,7.4416021,1
94951,94953,4,38.3153,-122.6483,38.2324,-122.6367,5.7622928,1
94951,95402,4,38.3153,-122.6483,38.4399,-122.7096,9.22712,1
94953,95444,4,38.2324,-122.6367,38.4335,-122.8676,18.699476,1
94954,95462,4,38.2507,-122.6155,38.4706,-123.0172,26.541956,1
94955,94923,4,38.2324,-122.6367,38.3309,-123.0373,22.768079,1
94955,95406,4,38.2324,-122.6367,38.4399,-122.7096,14.871282,1
94955,95416,4,38.2324,-122.6367,38.3141,-122.4843,10.010087,1
94955,95439,4,38.2324,-122.6367,38.4947,-122.7761,19.633709,1
94955,95473,4,38.2324,-122.6367,38.4022,-122.8227,15.469593,1
94975,95448,4,38.2324,-122.6367,38.6184,-122.862,29.325972,1
94999,94931,4,38.2675,-122.6581,38.3259,-122.7048,4.7638508,1
94999,94954,4,38.2675,-122.6581,38.2507,-122.6155,2.5863093,1
95401,95450,4,38.4432,-122.7547,38.4987,-123.1974,24.252817,1
95402,95421,4,38.4399,-122.7096,38.5918,-123.1965,28.337503,1
95404,95412,4,38.4405,-122.7144,38.7026,-123.3539,39.004055,1
95405,95416,4,38.4386,-122.6727,38.3141,-122.4843,13.346707,1
95405,95450,4,38.4386,-122.6727,38.4987,-123.1974,28.686543,1
95405,95452,4,38.4386,-122.6727,38.4168,-122.5547,6.5622156,1
95406,95439,4,38.4399,-122.7096,38.4947,-122.7761,5.222842,1
95406,95444,4,38.4399,-122.7096,38.4335,-122.8676,8.5624615,1
95406,95473,4,38.4399,-122.7096,38.4022,-122.8227,6.6534414,1
95409,95439,4,38.4592,-122.6393,38.4947,-122.7761,7.7954896,1
95412,94923,4,38.7026,-123.3539,38.3309,-123.0373,30.862641,1
95416,95436,4,38.3141,-122.4843,38.4923,-122.9042,25.85551,1
95416,95441,4,38.3141,-122.4843,38.7173,-122.8834,35.236375,1
95419,94923,4,38.425,-122.9485,38.3309,-123.0373,8.0874036,1
95421,94954,4,38.5918,-123.1965,38.2507,-122.6155,39.301078,1
95421,95492,4,38.5918,-123.1965,38.5443,-122.8073,21.279901,1
95433,94951,4,38.2993,-122.4867,38.3153,-122.6483,8.8309907,1
95433,95405,4,38.2993,-122.4867,38.4386,-122.6727,13.934038,1
95433,95409,4,38.2993,-122.4867,38.4592,-122.6393,13.797635,1
95433,95452,4,38.2993,-122.4867,38.4168,-122.5547,8.9153121,1
95433,95472,4,38.2993,-122.4867,38.3941,-122.8433,20.403338,1
95436,94923,4,38.4923,-122.9042,38.3309,-123.0373,13.277238,1
95436,95402,4,38.4923,-122.9042,38.4399,-122.7096,11.132714,1
95436,95421,4,38.4923,-122.9042,38.5918,-123.1965,17.227466,1
95436,95462,4,38.4923,-122.9042,38.4706,-123.0172,6.293039,1
95439,95442,4,38.4947,-122.7761,38.3662,-122.5196,16.479317,1
95439,95473,4,38.4947,-122.7761,38.4022,-122.8227,6.8705937,1
95441,94923,4,38.7173,-122.8834,38.3309,-123.0373,27.963742,1
95441,95439,4,38.7173,-122.8834,38.4947,-122.7761,16.435148,1
95442,94955,4,38.3662,-122.5196,38.2324,-122.6367,11.215212,1
95442,94975,4,38.3662,-122.5196,38.2324,-122.6367,11.215212,1
95444,94952,4,38.4335,-122.8676,38.2403,-122.6777,16.855547,1
95444,94954,4,38.4335,-122.8676,38.2507,-122.6155,18.60546,1
95444,95441,4,38.4335,-122.8676,38.7173,-122.8834,19.62725,1
95444,95448,4,38.4335,-122.8676,38.6184,-122.862,12.778941,1
95446,94951,4,38.5055,-122.9965,38.3153,-122.6483,22.980044,1
95446,95450,4,38.5055,-122.9965,38.4987,-123.1974,10.873102,1
95448,95412,4,38.6184,-122.862,38.7026,-123.3539,27.169263,1
95448,95452,4,38.6184,-122.862,38.4168,-122.5547,21.679471,1
95450,95448,4,38.4987,-123.1974,38.6184,-122.862,19.919404,1
95452,94952,4,38.4168,-122.5547,38.2403,-122.6777,13.898316,1
95465,95412,4,38.4087,-122.9954,38.7026,-123.3539,28.063433,1
95465,95442,4,38.4087,-122.9954,38.3662,-122.5196,25.93483,1
95472,94953,4,38.3941,-122.8433,38.2324,-122.6367,15.819945,1
95473,95439,4,38.4022,-122.8227,38.4947,-122.7761,6.8705937,1
95473,95465,4,38.4022,-122.8227,38.4087,-122.9954,9.3614297,1
95492,94953,4,38.5443,-122.8073,38.2324,-122.6367,23.447227,1
95492,94975,4,38.5443,-122.8073,38.2324,-122.6367,23.447227,1
94923,94975,3,38.3309,-123.0373,38.2324,-122.6367,22.768079,1
94923,95442,3,38.3309,-123.0373,38.3662,-122.5196,28.158143,1
94927,95436,3,38.3396,-122.7011,38.4923,-122.9042,15.238259,1
94927,95448,3,38.3396,-122.7011,38.6184,-122.862,21.137911,1
94928,95452,3,38.347,-122.6941,38.4168,-122.5547,8.9589527,1
94928,95462,3,38.347,-122.6941,38.4706,-123.0172,19.466326,1
94931,94953,3,38.3259,-122.7048,38.2324,-122.6367,7.4416021,1
94931,95402,3,38.3259,-122.7048,38.4399,-122.7096,7.880928,1
94931,95416,3,38.3259,-122.7048,38.3141,-122.4843,11.980603,1
94931,95439,3,38.3259,-122.7048,38.4947,-122.7761,12.285178,1
94951,95473,3,38.3153,-122.6483,38.4022,-122.8227,11.195097,1
94952,95452,3,38.2403,-122.6777,38.4168,-122.5547,13.898316,1
94952,95462,3,38.2403,-122.6777,38.4706,-123.0172,24.321928,1
94952,95487,3,38.2403,-122.6777,38.2725,-122.4375,13.22068,1
94953,95406,3,38.2324,-122.6367,38.4399,-122.7096,14.871282,1
94955,95444,3,38.2324,-122.6367,38.4335,-122.8676,18.699476,1
94975,95402,3,38.2324,-122.6367,38.4399,-122.7096,14.871282,1
94975,95406,3,38.2324,-122.6367,38.4399,-122.7096,14.871282,1
94975,95416,3,38.2324,-122.6367,38.3141,-122.4843,10.010087,1
94999,95407,3,38.2675,-122.6581,38.4089,-122.7339,10.598298,1
95402,94923,3,38.4399,-122.7096,38.3309,-123.0373,19.279656,1
95402,94953,3,38.4399,-122.7096,38.2324,-122.6367,14.871282,1
95402,94955,3,38.4399,-122.7096,38.2324,-122.6367,14.871282,1
95402,94975,3,38.4399,-122.7096,38.2324,-122.6367,14.871282,1
95402,95416,3,38.4399,-122.7096,38.3141,-122.4843,14.982426,1
95404,95419,3,38.4405,-122.7144,38.425,-122.9485,12.715475,1
95406,95416,3,38.4399,-122.7096,38.3141,-122.4843,14.982426,1
95407,95412,3,38.4089,-122.7339,38.7026,-123.3539,39.166127,1
95409,94953,3,38.4592,-122.6393,38.2324,-122.6367,15.670999,1
95416,94975,3,38.3141,-122.4843,38.2324,-122.6367,10.010087,1
95421,94952,3,38.5918,-123.1965,38.2403,-122.6777,37.129825,1
95421,95407,3,38.5918,-123.1965,38.4089,-122.7339,28.024949,1
95421,95444,3,38.5918,-123.1965,38.4335,-122.8676,20.87603,1
95433,94931,3,38.2993,-122.4867,38.3259,-122.7048,11.965923,1
95433,95436,3,38.2993,-122.4867,38.4923,-122.9042,26.247787,1
95433,95441,3,38.2993,-122.4867,38.7173,-122.8834,35.974089,1
95436,95465,3,38.4923,-122.9042,38.4087,-122.9954,7.5971827,1
95441,94975,3,38.7173,-122.8834,38.2324,-122.6367,36.063087,1
95441,95450,3,38.7173,-122.8834,38.4987,-123.1974,22.705559,1
95441,95452,3,38.7173,-122.8834,38.4168,-122.5547,27.320327,1
95441,95462,3,38.7173,-122.8834,38.4706,-123.0172,18.513534,1
95442,95406,3,38.3662,-122.5196,38.4399,-122.7096,11.478964,1
95442,95446,3,38.3662,-122.5196,38.5055,-122.9965,27.546456,1
95442,95473,3,38.3662,-122.5196,38.4022,-122.8227,16.603208,1
95444,94931,3,38.4335,-122.8676,38.3259,-122.7048,11.533597,1
95444,94951,3,38.4335,-122.8676,38.3153,-122.6483,14.415414,1
95444,95442,3,38.4335,-122.8676,38.3662,-122.5196,19.408779,1
95446,95465,3,38.5055,-122.9965,38.4087,-122.9954,6.6884986,1
95448,94955,3,38.6184,-122.862,38.2324,-122.6367,29.325972,1
95448,95450,3,38.6184,-122.862,38.4987,-123.1974,19.919404,1
95450,94952,3,38.4987,-123.1974,38.2403,-122.6777,33.336418,1
95450,95405,3,38.4987,-123.1974,38.4386,-122.6727,28.686543,1
95450,95462,3,38.4987,-123.1974,38.4706,-123.0172,9.9375341,1
95450,95465,3,38.4987,-123.1974,38.4087,-122.9954,12.574899,1
95452,95416,3,38.4168,-122.5547,38.3141,-122.4843,8.0558634,1
95452,95472,3,38.4168,-122.5547,38.3941,-122.8433,15.70444,1
95452,95487,3,38.4168,-122.5547,38.2725,-122.4375,11.82114,1
95465,95441,3,38.4087,-122.9954,38.7173,-122.8834,22.164139,1
95465,95444,3,38.4087,-122.9954,38.4335,-122.8676,7.1271399,1
95465,95473,3,38.4087,-122.9954,38.4022,-122.8227,9.3614297,1
95471,95446,3,38.521,-122.9769,38.5055,-122.9965,1.5065704,1
95473,95421,3,38.4022,-122.8227,38.5918,-123.1965,24.087123,1
95487,94975,3,38.2725,-122.4375,38.2324,-122.6367,11.157727,1
95487,95401,3,38.2725,-122.4375,38.4432,-122.7547,20.843536,1
95487,95405,3,38.2725,-122.4375,38.4386,-122.6727,17.149416,1
95487,95492,3,38.2725,-122.4375,38.5443,-122.8073,27.45057,1
94922,95421,2,38.3514,-122.9741,38.5918,-123.1965,20.509201,1
94923,95402,2,38.3309,-123.0373,38.4399,-122.7096,19.279656,1
94923,95406,2,38.3309,-123.0373,38.4399,-122.7096,19.279656,1
94923,95419,2,38.3309,-123.0373,38.425,-122.9485,8.0874036,1
94927,95439,2,38.3396,-122.7011,38.4947,-122.7761,11.459727,1
94928,95487,2,38.347,-122.6941,38.2725,-122.4375,14.83346,1
94931,95421,2,38.3259,-122.7048,38.5918,-123.1965,32.330093,1
94931,95444,2,38.3259,-122.7048,38.4335,-122.8676,11.533597,1
94952,94922,2,38.2403,-122.6777,38.3514,-122.9741,17.811564,1
94952,95419,2,38.2403,-122.6777,38.425,-122.9485,19.44912,1
94952,95450,2,38.2403,-122.6777,38.4987,-123.1974,33.336418,1
94953,95441,2,38.2324,-122.6367,38.7173,-122.8834,36.063087,1
94953,95473,2,38.2324,-122.6367,38.4022,-122.8227,15.469593,1
94954,95412,2,38.2507,-122.6155,38.7026,-123.3539,50.696146,1
94955,95487,2,38.2324,-122.6367,38.2725,-122.4375,11.157727,1
94975,94923,2,38.2324,-122.6367,38.3309,-123.0373,22.768079,1
94999,95405,2,38.2675,-122.6581,38.4386,-122.6727,11.848306,1
95401,95412,2,38.4432,-122.7547,38.7026,-123.3539,36.998482,1
95402,95465,2,38.4399,-122.7096,38.4087,-122.9954,15.619756,1
95405,94953,2,38.4386,-122.6727,38.2324,-122.6367,14.380017,1
95405,95462,2,38.4386,-122.6727,38.4706,-123.0172,18.770543,1
95406,94923,2,38.4399,-122.7096,38.3309,-123.0373,19.279656,1
95406,94951,2,38.4399,-122.7096,38.3153,-122.6483,9.22712,1
95409,94923,2,38.4592,-122.6393,38.3309,-123.0373,23.304205,1
95409,94955,2,38.4592,-122.6393,38.2324,-122.6367,15.670999,1
95409,95433,2,38.4592,-122.6393,38.2993,-122.4867,13.797635,1
95409,95444,2,38.4592,-122.6393,38.4335,-122.8676,12.481013,1
95409,95487,2,38.4592,-122.6393,38.2725,-122.4375,16.909052,1
95412,94928,2,38.7026,-123.3539,38.347,-122.6941,43.308718,1
95412,95403,2,38.7026,-123.3539,38.4822,-122.7473,36.124961,1
95412,95407,2,38.7026,-123.3539,38.4089,-122.7339,39.166127,1
95412,95436,2,38.7026,-123.3539,38.4923,-122.9042,28.298853,1
95412,95446,2,38.7026,-123.3539,38.5055,-122.9965,23.619044,1
95416,94927,2,38.3141,-122.4843,38.3396,-122.7011,11.882497,1
95416,95439,2,38.3141,-122.4843,38.4947,-122.7761,20.132752,1
95416,95452,2,38.3141,-122.4843,38.4168,-122.5547,8.0558634,1
95416,95473,2,38.3141,-122.4843,38.4022,-122.8227,19.318343,1
95419,95404,2,38.425,-122.9485,38.4405,-122.7144,12.715475,1
95419,95407,2,38.425,-122.9485,38.4089,-122.7339,11.670566,1
95419,95436,2,38.425,-122.9485,38.4923,-122.9042,5.2313487,1
95419,95465,2,38.425,-122.9485,38.4087,-122.9954,2.7775229,1
95421,94928,2,38.5918,-123.1965,38.347,-122.6941,32.011143,1
95421,95405,2,38.5918,-123.1965,38.4386,-122.6727,30.231097,1
95433,94927,2,38.2993,-122.4867,38.3396,-122.7011,11.951147,1
95439,94955,2,38.4947,-122.7761,38.2324,-122.6367,19.633709,1
95441,94955,2,38.7173,-122.8834,38.2324,-122.6367,36.063087,1
95441,95416,2,38.7173,-122.8834,38.3141,-122.4843,35.236375,1
95441,95465,2,38.7173,-122.8834,38.4087,-122.9954,22.164139,1
95441,95473,2,38.7173,-122.8834,38.4022,-122.8227,22.016922,1
95442,94927,2,38.3662,-122.5196,38.3396,-122.7011,10.004521,1
95442,95402,2,38.3662,-122.5196,38.4399,-122.7096,11.478964,1
95442,95439,2,38.3662,-122.5196,38.4947,-122.7761,16.479317,1
95444,94955,2,38.4335,-122.8676,38.2324,-122.6367,18.699476,1
95444,95446,2,38.4335,-122.8676,38.5055,-122.9965,8.5656276,1
95446,94975,2,38.5055,-122.9965,38.2324,-122.6367,27.128268,1
95448,95433,2,38.6184,-122.862,38.2993,-122.4867,29.973272,1
95450,95401,2,38.4987,-123.1974,38.4432,-122.7547,24.252817,1
95452,95433,2,38.4168,-122.5547,38.2993,-122.4867,8.9153121,1
95462,94923,2,38.4706,-123.0172,38.3309,-123.0373,9.7135035,1
95462,94931,2,38.4706,-123.0172,38.3259,-122.7048,19.649798,1
95462,95404,2,38.4706,-123.0172,38.4405,-122.7144,16.514867,1
95462,95412,2,38.4706,-123.0172,38.7026,-123.3539,24.240935,1
95462,95492,2,38.4706,-123.0172,38.5443,-122.8073,12.438821,1
95465,94951,2,38.4087,-122.9954,38.3153,-122.6483,19.881127,1
95465,94975,2,38.4087,-122.9954,38.2324,-122.6367,22.94464,1
95465,95402,2,38.4087,-122.9954,38.4399,-122.7096,15.619756,1
95465,95462,2,38.4087,-122.9954,38.4706,-123.0172,4.4366149,1
95465,95492,2,38.4087,-122.9954,38.5443,-122.8073,13.831067,1
95472,95416,2,38.3941,-122.8433,38.3141,-122.4843,20.221564,1
95472,95433,2,38.3941,-122.8433,38.2993,-122.4867,20.403338,1
95472,95450,2,38.3941,-122.8433,38.4987,-123.1974,20.479106,1
95473,94927,2,38.4022,-122.8227,38.3396,-122.7011,7.8801561,1
95473,94955,2,38.4022,-122.8227,38.2324,-122.6367,15.469593,1
95473,95406,2,38.4022,-122.8227,38.4399,-122.7096,6.6534414,1
95473,95412,2,38.4022,-122.8227,38.7026,-123.3539,35.420783,1
95487,95448,2,38.2725,-122.4375,38.6184,-122.862,33.149031,1
95492,94955,2,38.5443,-122.8073,38.2324,-122.6367,23.447227,1
95492,95433,2,38.5443,-122.8073,38.2993,-122.4867,24.243213,1
94922,95446,1,38.3514,-122.9741,38.5055,-122.9965,10.716091,1
94923,94951,1,38.3309,-123.0373,38.3153,-122.6483,21.113469,1
94923,94953,1,38.3309,-123.0373,38.2324,-122.6367,22.768079,1
94923,94955,1,38.3309,-123.0373,38.2324,-122.6367,22.768079,1
94928,94999,1,38.347,-122.6941,38.2675,-122.6581,5.8293898,1
94928,95480,1,38.347,-122.6941,38.7082,-123.3478,43.258521,1
94931,94923,1,38.3259,-122.7048,38.3309,-123.0373,18.025325,1
94931,95412,1,38.3259,-122.7048,38.7026,-123.3539,43.690361,1
94931,95433,1,38.3259,-122.7048,38.2993,-122.4867,11.965923,1
94931,95452,1,38.3259,-122.7048,38.4168,-122.5547,10.27405,1
94931,95462,1,38.3259,-122.7048,38.4706,-123.0172,19.649798,1
94931,95487,1,38.3259,-122.7048,38.2725,-122.4375,14.956151,1
94951,94972,1,38.3153,-122.6483,38.318,-122.9242,14.957797,1
94951,95416,1,38.3153,-122.6483,38.3141,-122.4843,8.8911238,1
94951,95421,1,38.3153,-122.6483,38.5918,-123.1965,35.281676,1
94951,95444,1,38.3153,-122.6483,38.4335,-122.8676,14.415414,1
94951,95452,1,38.3153,-122.6483,38.4168,-122.5547,8.6540775,1
94951,95487,1,38.3153,-122.6483,38.2725,-122.4375,11.80744,1
94952,94999,1,38.2403,-122.6777,38.2675,-122.6581,2.1593568,1
94953,94999,1,38.2324,-122.6367,38.2675,-122.6581,2.6888266,1
94953,95446,1,38.2324,-122.6367,38.5055,-122.9965,27.128268,1
94953,95462,1,38.2324,-122.6367,38.4706,-123.0172,26.380489,1
94953,95487,1,38.2324,-122.6367,38.2725,-122.4375,11.157727,1
94955,95421,1,38.2324,-122.6367,38.5918,-123.1965,39.180812,1
94955,95462,1,38.2324,-122.6367,38.4706,-123.0172,26.380489,1
94972,95441,1,38.318,-122.9242,38.7173,-122.8834,27.676989,1
94975,95412,1,38.2324,-122.6367,38.7026,-123.3539,50.603877,1
94975,95421,1,38.2324,-122.6367,38.5918,-123.1965,39.180812,1
94975,95433,1,38.2324,-122.6367,38.2993,-122.4867,9.3584631,1
94975,95436,1,38.2324,-122.6367,38.4923,-122.9042,23.075683,1
94975,95441,1,38.2324,-122.6367,38.7173,-122.8834,36.063087,1
94975,95446,1,38.2324,-122.6367,38.5055,-122.9965,27.128268,1
94975,95452,1,38.2324,-122.6367,38.4168,-122.5547,13.493853,1
94975,95473,1,38.2324,-122.6367,38.4022,-122.8227,15.469593,1
95401,94922,1,38.4432,-122.7547,38.3514,-122.9741,13.467632,1
95401,95419,1,38.4432,-122.7547,38.425,-122.9485,10.564036,1
95402,95419,1,38.4399,-122.7096,38.425,-122.9485,12.97106,1
95402,95433,1,38.4399,-122.7096,38.2993,-122.4867,15.497389,1
95402,95487,1,38.4399,-122.7096,38.2725,-122.4375,18.738219,1
95406,94955,1,38.4399,-122.7096,38.2324,-122.6367,14.871282,1
95406,94975,1,38.4399,-122.7096,38.2324,-122.6367,14.871282,1
95406,95462,1,38.4399,-122.7096,38.4706,-123.0172,16.777801,1
95407,94922,1,38.4089,-122.7339,38.3514,-122.9741,13.602995,1
95407,94972,1,38.4089,-122.7339,38.318,-122.9242,12.071986,1
95407,95450,1,38.4089,-122.7339,38.4987,-123.1974,25.834985,1
95409,94975,1,38.4592,-122.6393,38.2324,-122.6367,15.670999,1
95409,95421,1,38.4592,-122.6393,38.5918,-123.1965,31.48137,1
95409,95450,1,38.4592,-122.6393,38.4987,-123.1974,30.310031,1
95409,95462,1,38.4592,-122.6393,38.4706,-123.0172,20.459293,1
95409,95465,1,38.4592,-122.6393,38.4087,-122.9954,19.586324,1
95412,95409,1,38.7026,-123.3539,38.4592,-122.6393,42.101619,1
95412,95448,1,38.7026,-123.3539,38.6184,-122.862,27.169263,1
95412,95450,1,38.7026,-123.3539,38.4987,-123.1974,16.428255,1
95412,95462,1,38.7026,-123.3539,38.4706,-123.0172,24.240935,1
95412,95465,1,38.7026,-123.3539,38.4087,-122.9954,28.063433,1
95412,95473,1,38.7026,-123.3539,38.4022,-122.8227,35.420783,1
95412,95492,1,38.7026,-123.3539,38.5443,-122.8073,31.467495,1
95416,94923,1,38.3141,-122.4843,38.3309,-123.0373,29.998332,1
95416,94951,1,38.3141,-122.4843,38.3153,-122.6483,8.8911238,1
95416,94953,1,38.3141,-122.4843,38.2324,-122.6367,10.010087,1
95416,95446,1,38.3141,-122.4843,38.5055,-122.9965,30.722659,1
95416,95450,1,38.3141,-122.4843,38.4987,-123.1974,40.661575,1
95419,94952,1,38.425,-122.9485,38.2403,-122.6777,19.44912,1
95419,94954,1,38.425,-122.9485,38.2507,-122.6155,21.696034,1
95419,95401,1,38.425,-122.9485,38.4432,-122.7547,10.564036,1
95419,95412,1,38.425,-122.9485,38.7026,-123.3539,29.11302,1
95419,95446,1,38.425,-122.9485,38.5055,-122.9965,6.1383321,1
95419,95448,1,38.425,-122.9485,38.6184,-122.862,14.157133,1
95419,95473,1,38.425,-122.9485,38.4022,-122.8227,6.990353,1
95421,94955,1,38.5918,-123.1965,38.2324,-122.6367,39.180812,1
95421,95401,1,38.5918,-123.1965,38.4432,-122.7547,25.996987,1
95421,95409,1,38.5918,-123.1965,38.4592,-122.6393,31.48137,1
95421,95416,1,38.5918,-123.1965,38.3141,-122.4843,43.048246,1
95421,95442,1,38.5918,-123.1965,38.3662,-122.5196,39.792539,1
95421,95473,1,38.5918,-123.1965,38.4022,-122.8227,24.087123,1
95430,95442,1,38.4538,-123.055,38.3662,-122.5196,29.611934,1
95431,95409,1,38.3488,-122.5108,38.4592,-122.6393,10.324412,1
95433,95402,1,38.2993,-122.4867,38.4399,-122.7096,15.497389,1
95433,95421,1,38.2993,-122.4867,38.5918,-123.1965,43.402169,1
95433,95473,1,38.2993,-122.4867,38.4022,-122.8227,19.54507,1
95436,94975,1,38.4923,-122.9042,38.2324,-122.6367,23.075683,1
95436,95412,1,38.4923,-122.9042,38.7026,-123.3539,28.298853,1
95436,95439,1,38.4923,-122.9042,38.4947,-122.7761,6.9293601,1
95436,95450,1,38.4923,-122.9042,38.4987,-123.1974,15.861352,1
95439,94923,1,38.4947,-122.7761,38.3309,-123.0373,18.11219,1
95439,95402,1,38.4947,-122.7761,38.4399,-122.7096,5.222842,1
95439,95406,1,38.4947,-122.7761,38.4399,-122.7096,5.222842,1
95439,95465,1,38.4947,-122.7761,38.4087,-122.9954,13.270764,1
95441,94927,1,38.7173,-122.8834,38.3396,-122.7011,27.894847,1
95441,94953,1,38.7173,-122.8834,38.2324,-122.6367,36.063087,1
95441,95412,1,38.7173,-122.8834,38.7026,-123.3539,25.387318,1
95441,95433,1,38.7173,-122.8834,38.2993,-122.4867,35.974089,1
95441,95487,1,38.7173,-122.8834,38.2725,-122.4375,39.063023,1
95442,94953,1,38.3662,-122.5196,38.2324,-122.6367,11.215212,1
95442,95421,1,38.3662,-122.5196,38.5918,-123.1965,39.792539,1
95442,95444,1,38.3662,-122.5196,38.4335,-122.8676,19.408779,1
95442,95465,1,38.3662,-122.5196,38.4087,-122.9954,25.93483,1
95444,95406,1,38.4335,-122.8676,38.4399,-122.7096,8.5624615,1
95444,95412,1,38.4335,-122.8676,38.7026,-123.3539,32.184652,1
95444,95419,1,38.4335,-122.8676,38.425,-122.9485,4.4180078,1
95444,95433,1,38.4335,-122.8676,38.2993,-122.4867,22.622102,1
95444,95439,1,38.4335,-122.8676,38.4947,-122.7761,6.5103171,1
95444,95452,1,38.4335,-122.8676,38.4168,-122.5547,16.976259,1
95444,95462,1,38.4335,-122.8676,38.4706,-123.0172,8.4908786,1
95444,95465,1,38.4335,-122.8676,38.4087,-122.9954,7.1271399,1
95446,94953,1,38.5055,-122.9965,38.2324,-122.6367,27.128268,1
95446,95419,1,38.5055,-122.9965,38.425,-122.9485,6.1383321,1
95448,94953,1,38.6184,-122.862,38.2324,-122.6367,29.325972,1
95448,94975,1,38.6184,-122.862,38.2324,-122.6367,29.325972,1
95448,95462,1,38.6184,-122.862,38.4706,-123.0172,13.214593,1
95448,95487,1,38.6184,-122.862,38.2725,-122.4375,33.149031,1
95450,95403,1,38.4987,-123.1974,38.4822,-122.7473,24.368141,1
95450,95436,1,38.4987,-123.1974,38.4923,-122.9042,15.861352,1
95450,95472,1,38.4987,-123.1974,38.3941,-122.8433,20.479106,1
95450,95497,1,38.4987,-123.1974,38.7256,-123.4675,21.410766,1
95452,94931,1,38.4168,-122.5547,38.3259,-122.7048,10.27405,1
95452,94951,1,38.4168,-122.5547,38.3153,-122.6483,8.6540775,1
95452,94953,1,38.4168,-122.5547,38.2324,-122.6367,13.493853,1
95452,94955,1,38.4168,-122.5547,38.2324,-122.6367,13.493853,1
95452,95436,1,38.4168,-122.5547,38.4923,-122.9042,19.616733,1
95452,95441,1,38.4168,-122.5547,38.7173,-122.8834,27.320327,1
95462,94928,1,38.4706,-123.0172,38.347,-122.6941,19.466326,1
95462,94952,1,38.4706,-123.0172,38.2403,-122.6777,24.321928,1
95462,95405,1,38.4706,-123.0172,38.4386,-122.6727,18.770543,1
95462,95409,1,38.4706,-123.0172,38.4592,-122.6393,20.459293,1
95462,95441,1,38.4706,-123.0172,38.7173,-122.8834,18.513534,1
95462,95448,1,38.4706,-123.0172,38.6184,-122.862,13.214593,1
95465,94927,1,38.4087,-122.9954,38.3396,-122.7011,16.641031,1
95465,95406,1,38.4087,-122.9954,38.4399,-122.7096,15.619756,1
95465,95439,1,38.4087,-122.9954,38.4947,-122.7761,13.270764,1
95465,95450,1,38.4087,-122.9954,38.4987,-123.1974,12.574899,1
95471,95421,1,38.521,-122.9769,38.5918,-123.1965,12.833975,1
95471,95472,1,38.521,-122.9769,38.3941,-122.8433,11.36339,1
95472,94922,1,38.3941,-122.8433,38.3514,-122.9741,7.6749324,1
95472,94972,1,38.3941,-122.8433,38.318,-122.9242,6.8453865,1
95472,94999,1,38.3941,-122.8433,38.2675,-122.6581,13.314317,1
95472,95419,1,38.3941,-122.8433,38.425,-122.9485,6.0826134,1
95472,95452,1,38.3941,-122.8433,38.4168,-122.5547,15.70444,1
95472,95487,1,38.3941,-122.8433,38.2725,-122.4375,23.543633,1
95473,94953,1,38.4022,-122.8227,38.2324,-122.6367,15.469593,1
95473,95433,1,38.4022,-122.8227,38.2993,-122.4867,19.54507,1
95473,95452,1,38.4022,-122.8227,38.4168,-122.5547,14.544772,1
95473,95462,1,38.4022,-122.8227,38.4706,-123.0172,11.538699,1
95480,95446,1,38.7082,-123.3478,38.5055,-122.9965,23.577864,1
95487,94955,1,38.2725,-122.4375,38.2324,-122.6367,11.157727,1
95487,95436,1,38.2725,-122.4375,38.4923,-122.9042,29.488306,1
95487,95441,1,38.2725,-122.4375,38.7173,-122.8834,39.063023,1
95487,95452,1,38.2725,-122.4375,38.4168,-122.5547,11.82114,1
95492,95452,1,38.5443,-122.8073,38.4168,-122.5547,16.256378,1
95497,95421,1,38.7256,-123.4675,38.5918,-123.1965,17.298853,1
95497,95448,1,38.7256,-123.4675,38.6184,-122.862,33.492076,1
95497,95450,1,38.7256,-123.4675,38.4987,-123.1974,21.410766,1
